PRAGMA foreign_keys=OFF;
BEGIN TRANSACTION;
CREATE TABLE IF NOT EXISTS "django_migrations" ("id" integer NOT NULL PRIMARY KEY AUTOINCREMENT, "app" varchar(255) NOT NULL, "name" varchar(255) NOT NULL, "applied" datetime NOT NULL);
INSERT INTO django_migrations VALUES(1,'contenttypes','0001_initial','2024-12-02 12:18:15.359937');
INSERT INTO django_migrations VALUES(2,'auth','0001_initial','2024-12-02 12:18:15.368239');
INSERT INTO django_migrations VALUES(3,'admin','0001_initial','2024-12-02 12:18:15.373322');
INSERT INTO django_migrations VALUES(4,'admin','0002_logentry_remove_auto_add','2024-12-02 12:18:15.379268');
INSERT INTO django_migrations VALUES(5,'admin','0003_logentry_add_action_flag_choices','2024-12-02 12:18:15.383428');
INSERT INTO django_migrations VALUES(6,'contenttypes','0002_remove_content_type_name','2024-12-02 12:18:15.395603');
INSERT INTO django_migrations VALUES(7,'auth','0002_alter_permission_name_max_length','2024-12-02 12:18:15.400930');
INSERT INTO django_migrations VALUES(8,'auth','0003_alter_user_email_max_length','2024-12-02 12:18:15.406117');
INSERT INTO django_migrations VALUES(9,'auth','0004_alter_user_username_opts','2024-12-02 12:18:15.413675');
INSERT INTO django_migrations VALUES(10,'auth','0005_alter_user_last_login_null','2024-12-02 12:18:15.419194');
INSERT INTO django_migrations VALUES(11,'auth','0006_require_contenttypes_0002','2024-12-02 12:18:15.419887');
INSERT INTO django_migrations VALUES(12,'auth','0007_alter_validators_add_error_messages','2024-12-02 12:18:15.423558');
INSERT INTO django_migrations VALUES(13,'auth','0008_alter_user_username_max_length','2024-12-02 12:18:15.429096');
INSERT INTO django_migrations VALUES(14,'auth','0009_alter_user_last_name_max_length','2024-12-02 12:18:15.435397');
INSERT INTO django_migrations VALUES(15,'auth','0010_alter_group_name_max_length','2024-12-02 12:18:15.440202');
INSERT INTO django_migrations VALUES(16,'auth','0011_update_proxy_permissions','2024-12-02 12:18:15.443768');
INSERT INTO django_migrations VALUES(17,'auth','0012_alter_user_first_name_max_length','2024-12-02 12:18:15.449117');
INSERT INTO django_migrations VALUES(18,'sessions','0001_initial','2024-12-02 12:18:15.451006');
INSERT INTO django_migrations VALUES(19,'ventas','0001_initial','2024-12-02 12:25:08.557967');
INSERT INTO django_migrations VALUES(20,'ventas','0002_alter_departamentos_options_fileupdate','2024-12-05 23:20:04.859823');
INSERT INTO django_migrations VALUES(21,'compras','0001_initial','2024-12-13 21:02:35.276380');
INSERT INTO django_migrations VALUES(22,'compras','0002_alter_almacen_options_alter_compra_options_and_more','2024-12-13 21:40:24.644584');
INSERT INTO django_migrations VALUES(23,'compras','0003_almacen_create_at_almacen_update_at_compra_create_at_and_more','2024-12-17 22:33:54.552804');
INSERT INTO django_migrations VALUES(24,'compras','0004_alter_producto_imagen','2024-12-17 22:33:54.559985');
INSERT INTO django_migrations VALUES(25,'compras','0005_alter_producto_imagen','2024-12-17 22:33:54.563019');
INSERT INTO django_migrations VALUES(26,'compras','0006_alter_producto_imagen','2024-12-17 22:33:54.568099');
INSERT INTO django_migrations VALUES(27,'compras','0007_alter_producto_imagen','2024-12-17 22:33:54.572755');
INSERT INTO django_migrations VALUES(28,'ventas','0003_productos_imagen','2024-12-17 22:33:54.575493');
INSERT INTO django_migrations VALUES(29,'ventas','0004_alter_productos_imagen','2024-12-17 22:33:54.580654');
INSERT INTO django_migrations VALUES(30,'compras','0008_unidadmedida','2024-12-18 03:04:09.674600');
INSERT INTO django_migrations VALUES(31,'compras','0009_producto_medida','2024-12-18 08:35:14.800078');
INSERT INTO django_migrations VALUES(34,'nomina','0001_initial','2024-12-29 19:51:17.066629');
INSERT INTO django_migrations VALUES(35,'nomina','0002_rename_departamento_departamentonom_and_more','2024-12-30 00:04:49.881636');
INSERT INTO django_migrations VALUES(36,'nomina','0003_rename_comantario_departamentonom_comentario','2024-12-30 00:10:17.598317');
INSERT INTO django_migrations VALUES(37,'nomina','0004_cargo','2024-12-30 00:13:47.564704');
INSERT INTO django_migrations VALUES(38,'nomina','0005_alter_departamentonom_options_and_more','2024-12-30 00:37:56.728732');
INSERT INTO django_migrations VALUES(39,'ventas','0005_departamentos_comentario','2024-12-30 00:49:00.017845');
INSERT INTO django_migrations VALUES(40,'nomina','0006_alter_cargo_options_and_more','2024-12-30 13:16:36.014772');
INSERT INTO django_migrations VALUES(41,'nomina','0007_remove_cargo_nombre_alter_cargo_cargo','2024-12-31 13:15:38.873844');
INSERT INTO django_migrations VALUES(42,'nomina','0008_trabajador_cargo','2025-01-01 02:30:37.629822');
INSERT INTO django_migrations VALUES(43,'nomina','0009_alter_trabajador_options_trabajador_fecha_and_more','2025-01-01 17:34:02.569835');
INSERT INTO django_migrations VALUES(44,'nomina','0010_nomina_fecha','2025-01-01 19:50:48.016424');
INSERT INTO django_migrations VALUES(45,'ventas','0006_fileupdate_create_at_fileupdate_update_at','2025-01-04 14:34:38.398515');
INSERT INTO django_migrations VALUES(46,'punto_venta','0001_initial','2025-01-04 15:24:57.037605');
INSERT INTO django_migrations VALUES(47,'punto_venta','0002_delete_pepe','2025-01-12 13:19:37.877185');
INSERT INTO django_migrations VALUES(48,'ventas','0007_fileupdate_archivo_fileupdate_nombre','2025-01-12 13:19:37.885016');
INSERT INTO django_migrations VALUES(49,'ventas','0008_remove_fileupdate_nombre','2025-01-12 13:37:24.839786');
INSERT INTO django_migrations VALUES(50,'ventas','0009_fileupdate_actualizar','2025-01-12 18:33:47.016722');
CREATE TABLE IF NOT EXISTS "auth_group_permissions" ("id" integer NOT NULL PRIMARY KEY AUTOINCREMENT, "group_id" integer NOT NULL REFERENCES "auth_group" ("id") DEFERRABLE INITIALLY DEFERRED, "permission_id" integer NOT NULL REFERENCES "auth_permission" ("id") DEFERRABLE INITIALLY DEFERRED);
CREATE TABLE IF NOT EXISTS "auth_user_groups" ("id" integer NOT NULL PRIMARY KEY AUTOINCREMENT, "user_id" integer NOT NULL REFERENCES "auth_user" ("id") DEFERRABLE INITIALLY DEFERRED, "group_id" integer NOT NULL REFERENCES "auth_group" ("id") DEFERRABLE INITIALLY DEFERRED);
CREATE TABLE IF NOT EXISTS "auth_user_user_permissions" ("id" integer NOT NULL PRIMARY KEY AUTOINCREMENT, "user_id" integer NOT NULL REFERENCES "auth_user" ("id") DEFERRABLE INITIALLY DEFERRED, "permission_id" integer NOT NULL REFERENCES "auth_permission" ("id") DEFERRABLE INITIALLY DEFERRED);
CREATE TABLE IF NOT EXISTS "django_admin_log" ("id" integer NOT NULL PRIMARY KEY AUTOINCREMENT, "object_id" text NULL, "object_repr" varchar(200) NOT NULL, "action_flag" smallint unsigned NOT NULL CHECK ("action_flag" >= 0), "change_message" text NOT NULL, "content_type_id" integer NULL REFERENCES "django_content_type" ("id") DEFERRABLE INITIALLY DEFERRED, "user_id" integer NOT NULL REFERENCES "auth_user" ("id") DEFERRABLE INITIALLY DEFERRED, "action_time" datetime NOT NULL);
INSERT INTO django_admin_log VALUES(1,'1','2024-11-22',1,'[{"added": {}}]',10,1,'2024-12-08 00:19:26.310951');
INSERT INTO django_admin_log VALUES(2,'2','2024-11-24',1,'[{"added": {}}]',10,1,'2024-12-08 00:19:56.845669');
INSERT INTO django_admin_log VALUES(3,'3','2024-11-25',1,'[{"added": {}}]',10,1,'2024-12-08 00:20:04.443526');
INSERT INTO django_admin_log VALUES(4,'4','2024-11-26',1,'[{"added": {}}]',10,1,'2024-12-08 00:20:14.879368');
INSERT INTO django_admin_log VALUES(5,'5','2024-11-27',1,'[{"added": {}}]',10,1,'2024-12-08 00:20:24.442722');
INSERT INTO django_admin_log VALUES(6,'6','2024-11-28',1,'[{"added": {}}]',10,1,'2024-12-08 00:22:08.362233');
INSERT INTO django_admin_log VALUES(7,'7','2024-11-29',1,'[{"added": {}}]',10,1,'2024-12-08 00:22:15.127241');
INSERT INTO django_admin_log VALUES(8,'8','2024-07-25',1,'[{"added": {}}]',10,1,'2024-12-08 00:23:13.918837');
INSERT INTO django_admin_log VALUES(9,'1','Leche',2,'[{"changed": {"fields": ["Nombre"]}}]',12,1,'2024-12-14 01:53:17.874169');
INSERT INTO django_admin_log VALUES(10,'1','Conejo',2,'[{"changed": {"fields": ["Nombre"]}}]',14,1,'2024-12-17 13:06:00.781824');
INSERT INTO django_admin_log VALUES(11,'1','Conejo',3,'',14,1,'2024-12-18 01:47:49.062084');
INSERT INTO django_admin_log VALUES(12,'2','Conejo',1,'[{"added": {}}]',14,1,'2024-12-18 01:48:03.803153');
INSERT INTO django_admin_log VALUES(13,'1','Litro',1,'[{"added": {}}]',15,1,'2024-12-18 03:08:29.522496');
INSERT INTO django_admin_log VALUES(14,'2','Metro',1,'[{"added": {}}]',15,1,'2024-12-18 03:09:03.181140');
INSERT INTO django_admin_log VALUES(15,'3','Mililitro',1,'[{"added": {}}]',15,1,'2024-12-18 03:09:13.249065');
INSERT INTO django_admin_log VALUES(16,'4','Galón',1,'[{"added": {}}]',15,1,'2024-12-18 03:09:26.668811');
INSERT INTO django_admin_log VALUES(17,'5','Kilómetro',1,'[{"added": {}}]',15,1,'2024-12-18 03:09:37.588077');
INSERT INTO django_admin_log VALUES(18,'6','Centrímetro',1,'[{"added": {}}]',15,1,'2024-12-18 03:09:48.855221');
INSERT INTO django_admin_log VALUES(19,'7','Unidad',1,'[{"added": {}}]',15,1,'2024-12-18 03:24:41.044354');
INSERT INTO django_admin_log VALUES(20,'8','Kilogramo',1,'[{"added": {}}]',15,1,'2024-12-18 03:25:07.522078');
INSERT INTO django_admin_log VALUES(21,'9','gramo',1,'[{"added": {}}]',15,1,'2024-12-18 03:25:13.091578');
INSERT INTO django_admin_log VALUES(22,'10','Tonelada',1,'[{"added": {}}]',15,1,'2024-12-18 03:25:42.973467');
INSERT INTO django_admin_log VALUES(23,'9','Gramo',2,'[{"changed": {"fields": ["Nombre"]}}]',15,1,'2024-12-18 03:25:56.226159');
INSERT INTO django_admin_log VALUES(24,'3','Mililitro',2,'[{"changed": {"fields": ["Sigla"]}}]',15,1,'2024-12-18 03:33:04.809113');
INSERT INTO django_admin_log VALUES(25,'11','Alejandro Zamora',2,'[{"changed": {"fields": ["Nombre"]}}]',14,1,'2024-12-19 03:32:35.047209');
INSERT INTO django_admin_log VALUES(26,'37','Alejando Zamora',3,'',14,1,'2024-12-22 15:03:15.465150');
INSERT INTO django_admin_log VALUES(27,'1','Población',1,'[{"added": {}}]',20,1,'2024-12-24 20:47:44.432321');
INSERT INTO django_admin_log VALUES(28,'2','Nómina',1,'[{"added": {}}]',12,1,'2024-12-25 22:40:13.697497');
INSERT INTO django_admin_log VALUES(29,'2','Nómina',3,'',12,1,'2024-12-25 22:40:22.999362');
INSERT INTO django_admin_log VALUES(30,'1','Maestra Quesera',1,'[{"added": {}}]',24,1,'2024-12-30 00:16:48.711194');
INSERT INTO django_admin_log VALUES(31,'1','Queso',1,'[{"added": {}}]',22,1,'2024-12-30 00:17:41.477751');
INSERT INTO django_admin_log VALUES(32,'2','Yogur',1,'[{"added": {}}]',22,1,'2024-12-30 00:17:55.227415');
INSERT INTO django_admin_log VALUES(33,'2','Yogurt',2,'[{"changed": {"fields": ["Nombre"]}}]',22,1,'2024-12-30 00:18:04.863241');
INSERT INTO django_admin_log VALUES(34,'9','2024-07-15',3,'',10,1,'2025-01-11 23:59:22.210213');
INSERT INTO django_admin_log VALUES(35,'8','2024-07-25',3,'',10,1,'2025-01-11 23:59:22.210300');
INSERT INTO django_admin_log VALUES(36,'1','2024-11-23',3,'',10,1,'2025-01-11 23:59:22.210351');
INSERT INTO django_admin_log VALUES(37,'2','2024-11-25',3,'',10,1,'2025-01-11 23:59:22.210385');
INSERT INTO django_admin_log VALUES(38,'3','2024-11-26',3,'',10,1,'2025-01-11 23:59:22.210416');
INSERT INTO django_admin_log VALUES(39,'4','2024-11-27',3,'',10,1,'2025-01-11 23:59:22.210446');
INSERT INTO django_admin_log VALUES(40,'5','2024-11-28',3,'',10,1,'2025-01-11 23:59:22.210475');
INSERT INTO django_admin_log VALUES(41,'6','2024-11-29',3,'',10,1,'2025-01-11 23:59:22.210505');
INSERT INTO django_admin_log VALUES(42,'7','2024-11-30',3,'',10,1,'2025-01-11 23:59:22.210534');
INSERT INTO django_admin_log VALUES(43,'38','2025-01-01',3,'',10,1,'2025-01-12 18:20:07.253549');
INSERT INTO django_admin_log VALUES(44,'37','2025-01-01',3,'',10,1,'2025-01-12 18:20:07.253692');
INSERT INTO django_admin_log VALUES(45,'36','2025-01-01',3,'',10,1,'2025-01-12 18:20:07.253729');
INSERT INTO django_admin_log VALUES(46,'35','2025-01-01',3,'',10,1,'2025-01-12 18:20:07.253763');
INSERT INTO django_admin_log VALUES(47,'34','2025-01-01',3,'',10,1,'2025-01-12 18:20:07.253794');
INSERT INTO django_admin_log VALUES(48,'33','2025-01-01',3,'',10,1,'2025-01-12 18:20:07.253824');
INSERT INTO django_admin_log VALUES(49,'32','2025-01-01',3,'',10,1,'2025-01-12 18:20:07.253852');
INSERT INTO django_admin_log VALUES(50,'31','2025-01-01',3,'',10,1,'2025-01-12 18:20:07.253881');
INSERT INTO django_admin_log VALUES(51,'30','2025-01-01',3,'',10,1,'2025-01-12 18:20:07.253909');
INSERT INTO django_admin_log VALUES(52,'29','2025-01-01',3,'',10,1,'2025-01-12 18:20:07.253938');
INSERT INTO django_admin_log VALUES(53,'28','2025-01-01',3,'',10,1,'2025-01-12 18:20:07.253967');
INSERT INTO django_admin_log VALUES(54,'27','2025-01-01',3,'',10,1,'2025-01-12 18:20:07.253996');
INSERT INTO django_admin_log VALUES(55,'26','2025-01-01',3,'',10,1,'2025-01-12 18:20:07.254025');
INSERT INTO django_admin_log VALUES(56,'25','2025-01-01',3,'',10,1,'2025-01-12 18:20:07.254055');
INSERT INTO django_admin_log VALUES(57,'24','2025-01-01',3,'',10,1,'2025-01-12 18:20:07.254083');
INSERT INTO django_admin_log VALUES(58,'23','2025-01-01',3,'',10,1,'2025-01-12 18:20:07.254110');
INSERT INTO django_admin_log VALUES(59,'22','2025-01-01',3,'',10,1,'2025-01-12 18:20:07.254139');
INSERT INTO django_admin_log VALUES(60,'21','2025-01-01',3,'',10,1,'2025-01-12 18:20:07.254168');
INSERT INTO django_admin_log VALUES(61,'20','2025-01-01',3,'',10,1,'2025-01-12 18:20:07.254197');
INSERT INTO django_admin_log VALUES(62,'19','2025-01-01',3,'',10,1,'2025-01-12 18:20:07.254225');
INSERT INTO django_admin_log VALUES(63,'18','2025-01-01',3,'',10,1,'2025-01-12 18:20:07.254253');
INSERT INTO django_admin_log VALUES(64,'17','2025-01-01',3,'',10,1,'2025-01-12 18:20:07.254281');
INSERT INTO django_admin_log VALUES(65,'16','2025-01-01',3,'',10,1,'2025-01-12 18:20:07.254310');
INSERT INTO django_admin_log VALUES(66,'15','2025-01-01',3,'',10,1,'2025-01-12 18:20:07.254339');
INSERT INTO django_admin_log VALUES(67,'14','2025-01-01',3,'',10,1,'2025-01-12 18:20:07.254368');
INSERT INTO django_admin_log VALUES(68,'13','2025-01-01',3,'',10,1,'2025-01-12 18:20:07.254397');
INSERT INTO django_admin_log VALUES(69,'12','2025-01-01',3,'',10,1,'2025-01-12 18:20:07.254427');
INSERT INTO django_admin_log VALUES(70,'11','2025-01-01',3,'',10,1,'2025-01-12 18:20:07.254454');
INSERT INTO django_admin_log VALUES(71,'10','2025-01-01',3,'',10,1,'2025-01-12 18:20:07.254480');
INSERT INTO django_admin_log VALUES(72,'9','2025-01-01',3,'',10,1,'2025-01-12 18:20:07.254507');
INSERT INTO django_admin_log VALUES(73,'8','2025-01-01',3,'',10,1,'2025-01-12 18:20:07.254532');
INSERT INTO django_admin_log VALUES(74,'7','2025-01-01',3,'',10,1,'2025-01-12 18:20:07.254558');
INSERT INTO django_admin_log VALUES(75,'6','2025-01-01',3,'',10,1,'2025-01-12 18:20:07.254585');
INSERT INTO django_admin_log VALUES(76,'5','2025-01-01',3,'',10,1,'2025-01-12 18:20:07.254611');
INSERT INTO django_admin_log VALUES(77,'4','2025-01-01',3,'',10,1,'2025-01-12 18:20:07.254637');
INSERT INTO django_admin_log VALUES(78,'3','2025-01-01',3,'',10,1,'2025-01-12 18:20:07.254664');
INSERT INTO django_admin_log VALUES(79,'2','2025-01-01',3,'',10,1,'2025-01-12 18:20:07.254691');
INSERT INTO django_admin_log VALUES(80,'1','2025-01-01',3,'',10,1,'2025-01-12 18:20:07.254717');
INSERT INTO django_admin_log VALUES(81,'39','2025-01-02',3,'',10,1,'2025-01-12 18:20:07.254926');
INSERT INTO django_admin_log VALUES(82,'43','2025-01-03',3,'',10,1,'2025-01-12 18:20:07.254955');
INSERT INTO django_admin_log VALUES(83,'42','2025-01-03',3,'',10,1,'2025-01-12 18:20:07.254980');
INSERT INTO django_admin_log VALUES(84,'41','2025-01-03',3,'',10,1,'2025-01-12 18:20:07.255005');
INSERT INTO django_admin_log VALUES(85,'40','2025-01-03',3,'',10,1,'2025-01-12 18:20:07.255029');
INSERT INTO django_admin_log VALUES(86,'46','2025-01-04',3,'',10,1,'2025-01-12 18:20:07.255055');
INSERT INTO django_admin_log VALUES(87,'45','2025-01-04',3,'',10,1,'2025-01-12 18:20:07.255081');
INSERT INTO django_admin_log VALUES(88,'44','2025-01-04',3,'',10,1,'2025-01-12 18:20:07.255107');
INSERT INTO django_admin_log VALUES(89,'49','2025-01-01',3,'',10,1,'2025-01-12 18:22:07.895554');
INSERT INTO django_admin_log VALUES(90,'48','2025-01-01',3,'',10,1,'2025-01-12 18:22:07.895647');
INSERT INTO django_admin_log VALUES(91,'47','2025-01-01',3,'',10,1,'2025-01-12 18:22:07.895701');
INSERT INTO django_admin_log VALUES(92,'51','2025-01-01',3,'',10,1,'2025-01-12 18:34:10.931591');
INSERT INTO django_admin_log VALUES(93,'50','2025-01-01',3,'',10,1,'2025-01-12 18:34:10.931734');
INSERT INTO django_admin_log VALUES(94,'55','2025-01-01',3,'',10,1,'2025-01-12 18:49:03.916549');
INSERT INTO django_admin_log VALUES(95,'54','2025-01-01',3,'',10,1,'2025-01-12 18:49:03.916694');
INSERT INTO django_admin_log VALUES(96,'53','2025-01-01',3,'',10,1,'2025-01-12 18:49:03.916753');
INSERT INTO django_admin_log VALUES(97,'52','2025-01-01',3,'',10,1,'2025-01-12 18:49:03.916802');
CREATE TABLE IF NOT EXISTS "django_content_type" ("id" integer NOT NULL PRIMARY KEY AUTOINCREMENT, "app_label" varchar(100) NOT NULL, "model" varchar(100) NOT NULL);
INSERT INTO django_content_type VALUES(1,'admin','logentry');
INSERT INTO django_content_type VALUES(2,'auth','permission');
INSERT INTO django_content_type VALUES(3,'auth','group');
INSERT INTO django_content_type VALUES(4,'auth','user');
INSERT INTO django_content_type VALUES(5,'contenttypes','contenttype');
INSERT INTO django_content_type VALUES(6,'sessions','session');
INSERT INTO django_content_type VALUES(7,'ventas','departamentos');
INSERT INTO django_content_type VALUES(8,'ventas','productos');
INSERT INTO django_content_type VALUES(9,'ventas','ventas');
INSERT INTO django_content_type VALUES(10,'ventas','fileupdate');
INSERT INTO django_content_type VALUES(11,'compras','precioproducto');
INSERT INTO django_content_type VALUES(12,'compras','almacen');
INSERT INTO django_content_type VALUES(13,'compras','compra');
INSERT INTO django_content_type VALUES(14,'compras','producto');
INSERT INTO django_content_type VALUES(15,'compras','unidadmedida');
INSERT INTO django_content_type VALUES(16,'punto_venta','transaccion');
INSERT INTO django_content_type VALUES(17,'punto_venta','producto');
INSERT INTO django_content_type VALUES(18,'punto_venta','venta');
INSERT INTO django_content_type VALUES(19,'punto_venta','detalleventa');
INSERT INTO django_content_type VALUES(20,'punto_venta','cliente');
INSERT INTO django_content_type VALUES(21,'nomina','nomina');
INSERT INTO django_content_type VALUES(22,'nomina','departamentonom');
INSERT INTO django_content_type VALUES(23,'nomina','trabajador');
INSERT INTO django_content_type VALUES(24,'nomina','cargo');
INSERT INTO django_content_type VALUES(25,'punto_venta','almacen');
INSERT INTO django_content_type VALUES(26,'punto_venta','categoria');
INSERT INTO django_content_type VALUES(27,'punto_venta','proveedor');
INSERT INTO django_content_type VALUES(28,'punto_venta','puntodeventa');
INSERT INTO django_content_type VALUES(29,'punto_venta','envio');
INSERT INTO django_content_type VALUES(30,'punto_venta','pepe');
CREATE TABLE IF NOT EXISTS "auth_permission" ("id" integer NOT NULL PRIMARY KEY AUTOINCREMENT, "content_type_id" integer NOT NULL REFERENCES "django_content_type" ("id") DEFERRABLE INITIALLY DEFERRED, "codename" varchar(100) NOT NULL, "name" varchar(255) NOT NULL);
INSERT INTO auth_permission VALUES(1,1,'add_logentry','Can add log entry');
INSERT INTO auth_permission VALUES(2,1,'change_logentry','Can change log entry');
INSERT INTO auth_permission VALUES(3,1,'delete_logentry','Can delete log entry');
INSERT INTO auth_permission VALUES(4,1,'view_logentry','Can view log entry');
INSERT INTO auth_permission VALUES(5,2,'add_permission','Can add permission');
INSERT INTO auth_permission VALUES(6,2,'change_permission','Can change permission');
INSERT INTO auth_permission VALUES(7,2,'delete_permission','Can delete permission');
INSERT INTO auth_permission VALUES(8,2,'view_permission','Can view permission');
INSERT INTO auth_permission VALUES(9,3,'add_group','Can add group');
INSERT INTO auth_permission VALUES(10,3,'change_group','Can change group');
INSERT INTO auth_permission VALUES(11,3,'delete_group','Can delete group');
INSERT INTO auth_permission VALUES(12,3,'view_group','Can view group');
INSERT INTO auth_permission VALUES(13,4,'add_user','Can add user');
INSERT INTO auth_permission VALUES(14,4,'change_user','Can change user');
INSERT INTO auth_permission VALUES(15,4,'delete_user','Can delete user');
INSERT INTO auth_permission VALUES(16,4,'view_user','Can view user');
INSERT INTO auth_permission VALUES(17,5,'add_contenttype','Can add content type');
INSERT INTO auth_permission VALUES(18,5,'change_contenttype','Can change content type');
INSERT INTO auth_permission VALUES(19,5,'delete_contenttype','Can delete content type');
INSERT INTO auth_permission VALUES(20,5,'view_contenttype','Can view content type');
INSERT INTO auth_permission VALUES(21,6,'add_session','Can add session');
INSERT INTO auth_permission VALUES(22,6,'change_session','Can change session');
INSERT INTO auth_permission VALUES(23,6,'delete_session','Can delete session');
INSERT INTO auth_permission VALUES(24,6,'view_session','Can view session');
INSERT INTO auth_permission VALUES(25,7,'add_departamentos','Can add departmento');
INSERT INTO auth_permission VALUES(26,7,'change_departamentos','Can change departmento');
INSERT INTO auth_permission VALUES(27,7,'delete_departamentos','Can delete departmento');
INSERT INTO auth_permission VALUES(28,7,'view_departamentos','Can view departmento');
INSERT INTO auth_permission VALUES(29,8,'add_productos','Can add producto');
INSERT INTO auth_permission VALUES(30,8,'change_productos','Can change producto');
INSERT INTO auth_permission VALUES(31,8,'delete_productos','Can delete producto');
INSERT INTO auth_permission VALUES(32,8,'view_productos','Can view producto');
INSERT INTO auth_permission VALUES(33,9,'add_ventas','Can add venta');
INSERT INTO auth_permission VALUES(34,9,'change_ventas','Can change venta');
INSERT INTO auth_permission VALUES(35,9,'delete_ventas','Can delete venta');
INSERT INTO auth_permission VALUES(36,9,'view_ventas','Can view venta');
INSERT INTO auth_permission VALUES(37,10,'add_fileupdate','Can add file update');
INSERT INTO auth_permission VALUES(38,10,'change_fileupdate','Can change file update');
INSERT INTO auth_permission VALUES(39,10,'delete_fileupdate','Can delete file update');
INSERT INTO auth_permission VALUES(40,10,'view_fileupdate','Can view file update');
INSERT INTO auth_permission VALUES(41,11,'add_precioproducto','Can add precio producto');
INSERT INTO auth_permission VALUES(42,11,'change_precioproducto','Can change precio producto');
INSERT INTO auth_permission VALUES(43,11,'delete_precioproducto','Can delete precio producto');
INSERT INTO auth_permission VALUES(44,11,'view_precioproducto','Can view precio producto');
INSERT INTO auth_permission VALUES(45,12,'add_almacen','Can add almacen');
INSERT INTO auth_permission VALUES(46,12,'change_almacen','Can change almacen');
INSERT INTO auth_permission VALUES(47,12,'delete_almacen','Can delete almacen');
INSERT INTO auth_permission VALUES(48,12,'view_almacen','Can view almacen');
INSERT INTO auth_permission VALUES(49,13,'add_compra','Can add compra');
INSERT INTO auth_permission VALUES(50,13,'change_compra','Can change compra');
INSERT INTO auth_permission VALUES(51,13,'delete_compra','Can delete compra');
INSERT INTO auth_permission VALUES(52,13,'view_compra','Can view compra');
INSERT INTO auth_permission VALUES(53,14,'add_producto','Can add producto');
INSERT INTO auth_permission VALUES(54,14,'change_producto','Can change producto');
INSERT INTO auth_permission VALUES(55,14,'delete_producto','Can delete producto');
INSERT INTO auth_permission VALUES(56,14,'view_producto','Can view producto');
INSERT INTO auth_permission VALUES(57,15,'add_unidadmedida','Can add unidad_medida');
INSERT INTO auth_permission VALUES(58,15,'change_unidadmedida','Can change unidad_medida');
INSERT INTO auth_permission VALUES(59,15,'delete_unidadmedida','Can delete unidad_medida');
INSERT INTO auth_permission VALUES(60,15,'view_unidadmedida','Can view unidad_medida');
INSERT INTO auth_permission VALUES(61,16,'add_transaccion','Can add transaccion');
INSERT INTO auth_permission VALUES(62,16,'change_transaccion','Can change transaccion');
INSERT INTO auth_permission VALUES(63,16,'delete_transaccion','Can delete transaccion');
INSERT INTO auth_permission VALUES(64,16,'view_transaccion','Can view transaccion');
INSERT INTO auth_permission VALUES(65,17,'add_producto','Can add producto');
INSERT INTO auth_permission VALUES(66,17,'change_producto','Can change producto');
INSERT INTO auth_permission VALUES(67,17,'delete_producto','Can delete producto');
INSERT INTO auth_permission VALUES(68,17,'view_producto','Can view producto');
INSERT INTO auth_permission VALUES(69,18,'add_venta','Can add venta');
INSERT INTO auth_permission VALUES(70,18,'change_venta','Can change venta');
INSERT INTO auth_permission VALUES(71,18,'delete_venta','Can delete venta');
INSERT INTO auth_permission VALUES(72,18,'view_venta','Can view venta');
INSERT INTO auth_permission VALUES(73,19,'add_detalleventa','Can add detalle venta');
INSERT INTO auth_permission VALUES(74,19,'change_detalleventa','Can change detalle venta');
INSERT INTO auth_permission VALUES(75,19,'delete_detalleventa','Can delete detalle venta');
INSERT INTO auth_permission VALUES(76,19,'view_detalleventa','Can view detalle venta');
INSERT INTO auth_permission VALUES(77,20,'add_cliente','Can add cliente');
INSERT INTO auth_permission VALUES(78,20,'change_cliente','Can change cliente');
INSERT INTO auth_permission VALUES(79,20,'delete_cliente','Can delete cliente');
INSERT INTO auth_permission VALUES(80,20,'view_cliente','Can view cliente');
INSERT INTO auth_permission VALUES(81,21,'add_nomina','Can add nomina');
INSERT INTO auth_permission VALUES(82,21,'change_nomina','Can change nomina');
INSERT INTO auth_permission VALUES(83,21,'delete_nomina','Can delete nomina');
INSERT INTO auth_permission VALUES(84,21,'view_nomina','Can view nomina');
INSERT INTO auth_permission VALUES(85,22,'add_departamento','Can add departamento');
INSERT INTO auth_permission VALUES(86,22,'change_departamento','Can change departamento');
INSERT INTO auth_permission VALUES(87,22,'delete_departamento','Can delete departamento');
INSERT INTO auth_permission VALUES(88,22,'view_departamento','Can view departamento');
INSERT INTO auth_permission VALUES(89,23,'add_trabajador','Can add trabajador');
INSERT INTO auth_permission VALUES(90,23,'change_trabajador','Can change trabajador');
INSERT INTO auth_permission VALUES(91,23,'delete_trabajador','Can delete trabajador');
INSERT INTO auth_permission VALUES(92,23,'view_trabajador','Can view trabajador');
INSERT INTO auth_permission VALUES(93,22,'add_departamentonom','Can add departamento nom');
INSERT INTO auth_permission VALUES(94,22,'change_departamentonom','Can change departamento nom');
INSERT INTO auth_permission VALUES(95,22,'delete_departamentonom','Can delete departamento nom');
INSERT INTO auth_permission VALUES(96,22,'view_departamentonom','Can view departamento nom');
INSERT INTO auth_permission VALUES(97,24,'add_cargo','Can add cargo');
INSERT INTO auth_permission VALUES(98,24,'change_cargo','Can change cargo');
INSERT INTO auth_permission VALUES(99,24,'delete_cargo','Can delete cargo');
INSERT INTO auth_permission VALUES(100,24,'view_cargo','Can view cargo');
INSERT INTO auth_permission VALUES(101,25,'add_almacen','Can add Almacén');
INSERT INTO auth_permission VALUES(102,25,'change_almacen','Can change Almacén');
INSERT INTO auth_permission VALUES(103,25,'delete_almacen','Can delete Almacén');
INSERT INTO auth_permission VALUES(104,25,'view_almacen','Can view Almacén');
INSERT INTO auth_permission VALUES(105,26,'add_categoria','Can add Categoría');
INSERT INTO auth_permission VALUES(106,26,'change_categoria','Can change Categoría');
INSERT INTO auth_permission VALUES(107,26,'delete_categoria','Can delete Categoría');
INSERT INTO auth_permission VALUES(108,26,'view_categoria','Can view Categoría');
INSERT INTO auth_permission VALUES(109,27,'add_proveedor','Can add Proveedore');
INSERT INTO auth_permission VALUES(110,27,'change_proveedor','Can change Proveedore');
INSERT INTO auth_permission VALUES(111,27,'delete_proveedor','Can delete Proveedore');
INSERT INTO auth_permission VALUES(112,27,'view_proveedor','Can view Proveedore');
INSERT INTO auth_permission VALUES(113,28,'add_puntodeventa','Can add Punto_de_Venta');
INSERT INTO auth_permission VALUES(114,28,'change_puntodeventa','Can change Punto_de_Venta');
INSERT INTO auth_permission VALUES(115,28,'delete_puntodeventa','Can delete Punto_de_Venta');
INSERT INTO auth_permission VALUES(116,28,'view_puntodeventa','Can view Punto_de_Venta');
INSERT INTO auth_permission VALUES(117,29,'add_envio','Can add Envío');
INSERT INTO auth_permission VALUES(118,29,'change_envio','Can change Envío');
INSERT INTO auth_permission VALUES(119,29,'delete_envio','Can delete Envío');
INSERT INTO auth_permission VALUES(120,29,'view_envio','Can view Envío');
INSERT INTO auth_permission VALUES(121,30,'add_pepe','Can add pepe');
INSERT INTO auth_permission VALUES(122,30,'change_pepe','Can change pepe');
INSERT INTO auth_permission VALUES(123,30,'delete_pepe','Can delete pepe');
INSERT INTO auth_permission VALUES(124,30,'view_pepe','Can view pepe');
CREATE TABLE IF NOT EXISTS "auth_group" ("id" integer NOT NULL PRIMARY KEY AUTOINCREMENT, "name" varchar(150) NOT NULL UNIQUE);
CREATE TABLE IF NOT EXISTS "auth_user" ("id" integer NOT NULL PRIMARY KEY AUTOINCREMENT, "password" varchar(128) NOT NULL, "last_login" datetime NULL, "is_superuser" bool NOT NULL, "username" varchar(150) NOT NULL UNIQUE, "last_name" varchar(150) NOT NULL, "email" varchar(254) NOT NULL, "is_staff" bool NOT NULL, "is_active" bool NOT NULL, "date_joined" datetime NOT NULL, "first_name" varchar(150) NOT NULL);
INSERT INTO auth_user VALUES(1,'pbkdf2_sha256$870000$1zI4JvA90CnKBAWK99AgOA$s2IqhGSy+lQk29jrzBzW2440cI6hTI7KSmLkl7dHyGY=','2025-01-11 23:59:05.721384',1,'michelvf','','michelvf@nauta.du',1,1,'2024-12-02 12:23:15.068735','');
CREATE TABLE IF NOT EXISTS "django_session" ("session_key" varchar(40) NOT NULL PRIMARY KEY, "session_data" text NOT NULL, "expire_date" datetime NOT NULL);
INSERT INTO django_session VALUES('k3y89w3e2nz0gz8mwa6k5ap3bh6709em','.eJxVjEEOwiAQAP_C2ZBdBLd49N43kAW2UjU0Ke3J-HdD0oNeZybzVoH3rYS9yRrmrK4K1emXRU5PqV3kB9f7otNSt3WOuif6sE2PS5bX7Wj_BoVb6VuYwDKBYSRkS9lbx46ZnGCU6B2cvR_IuAFjZPGYEl-AYPJoMkFWny_I-jdc:1tI5SZ:kMvzoeKagmen2Yd2SAJfoat8pS6Bo5WAStTVD2WcmRs','2024-12-16 12:23:27.723534');
INSERT INTO django_session VALUES('mxzp01n2c7s86iw7jyj53k8ghxa44120','.eJxVjEEOwiAQAP_C2ZBdBLd49N43kAW2UjU0Ke3J-HdD0oNeZybzVoH3rYS9yRrmrK4K1emXRU5PqV3kB9f7otNSt3WOuif6sE2PS5bX7Wj_BoVb6VuYwDKBYSRkS9lbx46ZnGCU6B2cvR_IuAFjZPGYEl-AYPJoMkFWny_I-jdc:1tJLS9:sESNF6kqMLoZzsMjJd6TENuW9EBXdComV0jg28aKWSw','2024-12-19 23:40:13.804227');
INSERT INTO django_session VALUES('c79tbmkjgkhd6yf0ogg676v75vfydh2p','.eJxVjEEOwiAQAP_C2ZBdBLd49N43kAW2UjU0Ke3J-HdD0oNeZybzVoH3rYS9yRrmrK4K1emXRU5PqV3kB9f7otNSt3WOuif6sE2PS5bX7Wj_BoVb6VuYwDKBYSRkS9lbx46ZnGCU6B2cvR_IuAFjZPGYEl-AYPJoMkFWny_I-jdc:1tLBpI:G-KIk4D7od6krW0HtmOvxZzTvU2IA53tNX3aRR-WBwU','2024-12-25 01:47:44.646573');
INSERT INTO django_session VALUES('wwiu7wrtlawphykvaf8afh6umz51fpo9','.eJxVjDsOwjAQBe_iGlnrv0NJnzNYu1kbB5At5VMh7o4ipYD2zcx7i4T7VtO-5iXNLK5CicvvRjg9czsAP7Ddu5x625aZ5KHIk65y7Jxft9P9O6i41qP2CpWjGFS0xhEPxiiGMCiNrgBqT5aCcZwLFJ-LB80AFozW3noqUXy-w0E2-w:1tPMOH:0UkhthaoaD4iwUq47bnWmD9OS8usgsu83PgAl-C9U9E','2025-01-05 13:53:05.054616');
INSERT INTO django_session VALUES('i208zwk0ovzc1cu2sgd2ikknsvbxodpj','.eJxVjDsOwjAQBe_iGlnrv0NJnzNYu1kbB5At5VMh7o4ipYD2zcx7i4T7VtO-5iXNLK5CicvvRjg9czsAP7Ddu5x625aZ5KHIk65y7Jxft9P9O6i41qP2CpWjGFS0xhEPxiiGMCiNrgBqT5aCcZwLFJ-LB80AFozW3noqUXy-w0E2-w:1tQBlp:bwJB1_AROa899lld4DKP-TtnHL7eN31BxpQ2KRK9qZ8','2025-01-07 20:44:49.909114');
INSERT INTO django_session VALUES('c6issnbxqdaxo045rj5nn5tereyti4m1','.eJxVjDsOwjAQBe_iGlnrv0NJnzNYu1kbB5At5VMh7o4ipYD2zcx7i4T7VtO-5iXNLK5CicvvRjg9czsAP7Ddu5x625aZ5KHIk65y7Jxft9P9O6i41qP2CpWjGFS0xhEPxiiGMCiNrgBqT5aCcZwLFJ-LB80AFozW3noqUXy-w0E2-w:1tWlNh:xaKUGS5G5Br1Ow4Lu8DmciW_p_Ky2OPYHbZ2EvmlcHY','2025-01-25 23:59:05.722509');
CREATE TABLE IF NOT EXISTS "ventas_departamentos" ("id" integer NOT NULL PRIMARY KEY AUTOINCREMENT, "departamento" varchar(200) NOT NULL, "create_at" datetime NOT NULL, "update_at" datetime NOT NULL, "comentario" text NULL);
INSERT INTO ventas_departamentos VALUES(1,'PUNTO VENTA DI MUU⁄','2024-12-02 12:25:39.451475','2024-12-02 12:25:39.451506',NULL);
INSERT INTO ventas_departamentos VALUES(2,'INDUSTRIA','2024-12-02 12:25:39.453559','2024-12-02 12:25:39.453588',NULL);
INSERT INTO ventas_departamentos VALUES(3,'REGALADO','2024-12-02 12:25:39.455793','2024-12-02 12:25:39.455815',NULL);
INSERT INTO ventas_departamentos VALUES(4,'LUIS','2024-12-02 12:25:39.458785','2024-12-02 12:25:39.458805',NULL);
INSERT INTO ventas_departamentos VALUES(5,'TL','2024-12-02 12:25:39.467863','2024-12-02 12:25:39.467881',NULL);
INSERT INTO ventas_departamentos VALUES(6,'JABAS TRABAJADORES','2024-12-02 12:25:39.469669','2024-12-02 12:25:39.469680',NULL);
INSERT INTO ventas_departamentos VALUES(7,'ZELLE','2024-12-02 12:25:39.474450','2024-12-02 12:25:39.474462',NULL);
INSERT INTO ventas_departamentos VALUES(8,'EQUIPO INDUTRIA','2024-12-02 12:29:22.863925','2024-12-02 12:29:22.863997',NULL);
INSERT INTO ventas_departamentos VALUES(9,'DEUDA','2024-12-02 12:29:34.344185','2024-12-02 12:29:34.344274',NULL);
INSERT INTO ventas_departamentos VALUES(10,'DAVIEL','2024-12-02 12:30:04.340878','2024-12-02 12:30:04.340946',NULL);
INSERT INTO ventas_departamentos VALUES(11,'PUNTO VENTA','2024-12-02 13:09:33.247726','2024-12-02 13:09:33.247749',NULL);
INSERT INTO ventas_departamentos VALUES(12,'ALMACEN','2024-12-02 13:09:33.251808','2024-12-02 13:09:33.251823',NULL);
INSERT INTO ventas_departamentos VALUES(13,'- Sin departamento -','2025-01-12 18:20:29.962206','2025-01-12 18:20:29.962227',NULL);
INSERT INTO ventas_departamentos VALUES(14,'LA PARADA','2025-01-12 18:20:29.964358','2025-01-12 18:20:29.964384',NULL);
CREATE TABLE IF NOT EXISTS "ventas_ventas" ("id" integer NOT NULL PRIMARY KEY AUTOINCREMENT, "cantidad" real NOT NULL, "venta" real NOT NULL, "costo" real NOT NULL, "calculo" real NOT NULL, "fecha" datetime NOT NULL, "create_at" datetime NOT NULL, "update_at" datetime NOT NULL, "id_producto_id" bigint NOT NULL REFERENCES "ventas_productos" ("id") DEFERRABLE INITIALLY DEFERRED);
INSERT INTO ventas_ventas VALUES(1,1.0,1500.0,1112.950000000000045,387.0499999999999545,'2024-11-22 05:00:00','2024-12-02 12:26:35.202288','2024-12-02 12:26:35.202297',1);
INSERT INTO ventas_ventas VALUES(2,0.2000000000000000111,0.0100000000000000002,500.0,-99.9980000000000046,'2024-11-22 05:00:00','2024-12-02 12:26:35.203293','2024-12-02 12:26:35.203300',2);
INSERT INTO ventas_ventas VALUES(3,4.0,140.0,100.0,160.0,'2024-11-22 05:00:00','2024-12-02 12:26:35.204180','2024-12-02 12:26:35.204186',3);
INSERT INTO ventas_ventas VALUES(4,1.0,250.0,100.0,150.0,'2024-11-22 05:00:00','2024-12-02 12:26:35.205056','2024-12-02 12:26:35.205062',4);
INSERT INTO ventas_ventas VALUES(5,3.0,0.0100000000000000002,290.0,-869.9700000000000272,'2024-11-22 05:00:00','2024-12-02 12:26:35.205897','2024-12-02 12:26:35.205903',5);
INSERT INTO ventas_ventas VALUES(6,4.0,350.0,320.0,120.0,'2024-11-22 05:00:00','2024-12-02 12:26:35.206719','2024-12-02 12:26:35.206725',6);
INSERT INTO ventas_ventas VALUES(7,11.0,40.0,35.0,55.0,'2024-11-22 05:00:00','2024-12-02 12:26:35.207537','2024-12-02 12:26:35.207542',7);
INSERT INTO ventas_ventas VALUES(8,27.0,60.0,48.0,324.0,'2024-11-22 05:00:00','2024-12-02 12:26:35.208371','2024-12-02 12:26:35.208377',8);
INSERT INTO ventas_ventas VALUES(9,2.0,50.0,40.0,20.0,'2024-11-22 05:00:00','2024-12-02 12:26:35.209177','2024-12-02 12:26:35.209183',9);
INSERT INTO ventas_ventas VALUES(10,2.399999999999999912,650.0,0.0100000000000000002,1559.975999999999886,'2024-11-22 05:00:00','2024-12-02 12:26:35.210010','2024-12-02 12:26:35.210016',10);
INSERT INTO ventas_ventas VALUES(11,2.0,800.0,700.0,200.0,'2024-11-22 05:00:00','2024-12-02 12:26:35.210840','2024-12-02 12:26:35.210846',11);
INSERT INTO ventas_ventas VALUES(12,4.0,2500.0,2200.0,1200.0,'2024-11-22 05:00:00','2024-12-02 12:26:35.211666','2024-12-02 12:26:35.211672',12);
INSERT INTO ventas_ventas VALUES(13,1.0,1475.0,450.0,1025.0,'2024-11-22 05:00:00','2024-12-02 12:26:35.212483','2024-12-02 12:26:35.212488',13);
INSERT INTO ventas_ventas VALUES(14,744.0,0.0100000000000000002,550.0,-409192.5599999999977,'2024-11-22 05:00:00','2024-12-02 12:26:35.213266','2024-12-02 12:26:35.213271',14);
INSERT INTO ventas_ventas VALUES(15,283.0,600.0,0.0100000000000000002,169797.1700000000129,'2024-11-22 05:00:00','2024-12-02 12:26:35.214049','2024-12-02 12:26:35.214055',15);
INSERT INTO ventas_ventas VALUES(16,6.0,200.0,175.0,150.0,'2024-11-22 05:00:00','2024-12-02 12:26:35.214825','2024-12-02 12:26:35.214830',16);
INSERT INTO ventas_ventas VALUES(17,23.0,200.0,155.0,1035.0,'2024-11-22 05:00:00','2024-12-02 12:26:35.215610','2024-12-02 12:26:35.215616',17);
INSERT INTO ventas_ventas VALUES(18,1.0,1500.0,1300.0,200.0,'2024-11-22 05:00:00','2024-12-02 12:26:35.216411','2024-12-02 12:26:35.216417',18);
INSERT INTO ventas_ventas VALUES(19,1.0,150.0,130.0,20.0,'2024-11-22 05:00:00','2024-12-02 12:26:35.217209','2024-12-02 12:26:35.217215',19);
INSERT INTO ventas_ventas VALUES(20,1.0,0.0100000000000000002,970.0,-969.990000000000009,'2024-11-22 05:00:00','2024-12-02 12:26:35.218022','2024-12-02 12:26:35.218028',20);
INSERT INTO ventas_ventas VALUES(21,2.0,0.0100000000000000002,6.799999999999999823,-13.58000000000000007,'2024-11-22 05:00:00','2024-12-02 12:26:35.218815','2024-12-02 12:26:35.218821',21);
INSERT INTO ventas_ventas VALUES(22,5.0,0.0100000000000000002,82.62999999999999546,-413.0999999999999658,'2024-11-22 05:00:00','2024-12-02 12:26:35.219606','2024-12-02 12:26:35.219612',22);
INSERT INTO ventas_ventas VALUES(23,300.0,0.0,1.0,-300.0,'2024-11-22 05:00:00','2024-12-02 12:26:35.220424','2024-12-02 12:26:35.220430',23);
INSERT INTO ventas_ventas VALUES(24,11.0,0.0100000000000000002,55.39999999999999858,-609.2899999999999637,'2024-11-22 05:00:00','2024-12-02 12:26:35.221213','2024-12-02 12:26:35.221219',24);
INSERT INTO ventas_ventas VALUES(25,81.0,0.0100000000000000002,23.53999999999999915,-1905.929999999999836,'2024-11-22 05:00:00','2024-12-02 12:26:35.222295','2024-12-02 12:26:35.222302',25);
INSERT INTO ventas_ventas VALUES(26,80.0,0.0100000000000000002,23.60000000000000142,-1887.200000000000045,'2024-11-22 05:00:00','2024-12-02 12:26:35.223113','2024-12-02 12:26:35.223119',26);
INSERT INTO ventas_ventas VALUES(27,41.0,0.0100000000000000002,23.60000000000000142,-967.189999999999941,'2024-11-22 05:00:00','2024-12-02 12:26:35.224039','2024-12-02 12:26:35.224045',27);
INSERT INTO ventas_ventas VALUES(28,11.0,0.0100000000000000002,23.60000000000000142,-259.490000000000009,'2024-11-22 05:00:00','2024-12-02 12:26:35.224975','2024-12-02 12:26:35.224980',28);
INSERT INTO ventas_ventas VALUES(29,10.0,50.0,45.0,50.0,'2024-11-22 05:00:00','2024-12-02 12:26:35.225916','2024-12-02 12:26:35.225922',29);
INSERT INTO ventas_ventas VALUES(30,36.0,0.1000000000000000055,60.0,-2156.40000000000009,'2024-11-22 05:00:00','2024-12-02 12:26:35.226805','2024-12-02 12:26:35.226811',30);
INSERT INTO ventas_ventas VALUES(31,11.0,800.0,680.0,1320.0,'2024-11-22 05:00:00','2024-12-02 12:26:35.227604','2024-12-02 12:26:35.227610',31);
INSERT INTO ventas_ventas VALUES(32,5.0,0.0100000000000000002,300.0,-1499.950000000000045,'2024-11-22 05:00:00','2024-12-02 12:26:35.228860','2024-12-02 12:26:35.228866',32);
INSERT INTO ventas_ventas VALUES(33,5.0,320.0,300.0,100.0,'2024-11-22 05:00:00','2024-12-02 12:26:35.229651','2024-12-02 12:26:35.229657',33);
INSERT INTO ventas_ventas VALUES(34,2.0,1500.0,1300.0,400.0,'2024-11-22 05:00:00','2024-12-02 12:26:35.230619','2024-12-02 12:26:35.230625',34);
INSERT INTO ventas_ventas VALUES(35,15.0,810.0,600.0,3150.0,'2024-11-22 05:00:00','2024-12-02 12:26:35.231414','2024-12-02 12:26:35.231420',35);
INSERT INTO ventas_ventas VALUES(36,245.0,350.0,0.0100000000000000002,85747.55000000000291,'2024-11-22 05:00:00','2024-12-02 12:26:35.232380','2024-12-02 12:26:35.232386',36);
INSERT INTO ventas_ventas VALUES(37,6.0,0.0100000000000000002,350.0,-2099.940000000000054,'2024-11-22 05:00:00','2024-12-02 12:26:35.233427','2024-12-02 12:26:35.233432',37);
INSERT INTO ventas_ventas VALUES(38,20.0,0.0100000000000000002,2.0,-39.79999999999999715,'2024-11-22 05:00:00','2024-12-02 12:26:35.234268','2024-12-02 12:26:35.234274',38);
INSERT INTO ventas_ventas VALUES(39,39.0,10.0,5.0,195.0,'2024-11-22 05:00:00','2024-12-02 12:26:35.235220','2024-12-02 12:26:35.235226',39);
INSERT INTO ventas_ventas VALUES(40,17.0,180.0,135.0,765.0,'2024-11-22 05:00:00','2024-12-02 12:26:35.236030','2024-12-02 12:26:35.236036',40);
INSERT INTO ventas_ventas VALUES(41,22.0,220.0,175.5,979.0,'2024-11-22 05:00:00','2024-12-02 12:26:35.236844','2024-12-02 12:26:35.236849',41);
INSERT INTO ventas_ventas VALUES(42,3.0,200.0,180.0,60.0,'2024-11-22 05:00:00','2024-12-02 12:26:35.237787','2024-12-02 12:26:35.237793',42);
INSERT INTO ventas_ventas VALUES(43,11.0,600.0,580.0,220.0,'2024-11-22 05:00:00','2024-12-02 12:26:35.239053','2024-12-02 12:26:35.239059',43);
INSERT INTO ventas_ventas VALUES(44,283.0,0.0100000000000000002,117.4800000000000039,-33244.01000000000203,'2024-11-22 05:00:00','2024-12-02 12:26:35.240567','2024-12-02 12:26:35.240573',44);
INSERT INTO ventas_ventas VALUES(45,1.0,0.0100000000000000002,800.0,-799.990000000000009,'2024-11-22 05:00:00','2024-12-02 12:26:35.241428','2024-12-02 12:26:35.241434',45);
INSERT INTO ventas_ventas VALUES(46,17.0,0.0100000000000000002,659.0,-11202.82999999999993,'2024-11-22 05:00:00','2024-12-02 12:26:35.242210','2024-12-02 12:26:35.242216',46);
INSERT INTO ventas_ventas VALUES(47,17.0,100.0,70.0,510.0,'2024-11-22 05:00:00','2024-12-02 12:26:35.243051','2024-12-02 12:26:35.243057',47);
INSERT INTO ventas_ventas VALUES(48,1.0,200.0,180.0,20.0,'2024-11-22 05:00:00','2024-12-02 12:26:35.243870','2024-12-02 12:26:35.243876',48);
INSERT INTO ventas_ventas VALUES(49,2.0,180.0,165.0,30.0,'2024-11-22 05:00:00','2024-12-02 12:26:35.244685','2024-12-02 12:26:35.244691',49);
INSERT INTO ventas_ventas VALUES(50,178.0,100.0,0.0100000000000000002,17798.21999999999752,'2024-11-22 05:00:00','2024-12-02 12:26:35.245540','2024-12-02 12:26:35.245546',50);
INSERT INTO ventas_ventas VALUES(51,6.0,0.0100000000000000002,100.0,-599.9399999999999408,'2024-11-22 05:00:00','2024-12-02 12:26:35.246665','2024-12-02 12:26:35.246672',51);
INSERT INTO ventas_ventas VALUES(52,1.0,220.0,175.5,44.5,'2024-11-22 05:00:00','2024-12-02 12:26:35.248027','2024-12-02 12:26:35.248033',52);
INSERT INTO ventas_ventas VALUES(53,202.0,0.0100000000000000002,110.5,-22318.97999999999957,'2024-11-22 05:00:00','2024-12-02 12:26:35.250014','2024-12-02 12:26:35.250021',53);
INSERT INTO ventas_ventas VALUES(54,70.0,600.0,400.0,14000.0,'2024-11-22 05:00:00','2024-12-02 12:26:35.251020','2024-12-02 12:26:35.251026',54);
INSERT INTO ventas_ventas VALUES(55,3.0,0.0100000000000000002,600.0,-1799.970000000000027,'2024-11-22 05:00:00','2024-12-02 12:26:35.252849','2024-12-02 12:26:35.252855',55);
INSERT INTO ventas_ventas VALUES(56,1.0,40000.0,40000.0,0.0,'2024-11-22 05:00:00','2024-12-02 12:26:35.254110','2024-12-02 12:26:35.254116',56);
INSERT INTO ventas_ventas VALUES(57,30.92999999999999972,0.0100000000000000002,550.0,-17011.1906999999992,'2024-11-22 05:00:00','2024-12-02 12:26:35.255608','2024-12-02 12:26:35.255613',57);
INSERT INTO ventas_ventas VALUES(58,28.0,0.0100000000000000002,300.0,-8399.720000000001164,'2024-11-22 05:00:00','2024-12-02 12:26:35.256470','2024-12-02 12:26:35.256476',58);
INSERT INTO ventas_ventas VALUES(59,110.0,0.0100000000000000002,400.0,-43998.90000000000145,'2024-11-22 05:00:00','2024-12-02 12:26:35.257276','2024-12-02 12:26:35.257282',59);
INSERT INTO ventas_ventas VALUES(60,2.0,2000.0,0.0100000000000000002,3999.980000000000018,'2024-11-22 05:00:00','2024-12-02 12:26:35.258054','2024-12-02 12:26:35.258060',60);
INSERT INTO ventas_ventas VALUES(61,6.0,1200.0,0.0100000000000000002,7199.940000000000509,'2024-11-22 05:00:00','2024-12-02 12:26:35.258847','2024-12-02 12:26:35.258852',61);
INSERT INTO ventas_ventas VALUES(62,2.0,0.0100000000000000002,4000.0,-7999.979999999999564,'2024-11-22 05:00:00','2024-12-02 12:26:35.259631','2024-12-02 12:26:35.259637',62);
INSERT INTO ventas_ventas VALUES(63,0.2999999999999999889,0.0100000000000000002,45.0,-13.49699999999999989,'2024-11-22 05:00:00','2024-12-02 12:26:35.260414','2024-12-02 12:26:35.260420',63);
INSERT INTO ventas_ventas VALUES(64,443.0,150.0,87.0,27909.0,'2024-11-22 05:00:00','2024-12-02 12:26:35.261209','2024-12-02 12:26:35.261215',64);
INSERT INTO ventas_ventas VALUES(65,1.0,0.0100000000000000002,48.0,-47.99000000000000198,'2024-11-22 05:00:00','2024-12-02 12:26:35.262014','2024-12-02 12:26:35.262019',65);
INSERT INTO ventas_ventas VALUES(66,1.0,0.0100000000000000002,266.6700000000000159,-266.660000000000025,'2024-11-22 05:00:00','2024-12-02 12:26:35.262864','2024-12-02 12:26:35.262870',66);
INSERT INTO ventas_ventas VALUES(67,8.0,400.0,350.0,400.0,'2024-11-22 05:00:00','2024-12-02 12:26:35.263639','2024-12-02 12:26:35.263645',67);
INSERT INTO ventas_ventas VALUES(68,11.0,400.0,350.0,550.0,'2024-11-22 05:00:00','2024-12-02 12:26:35.264419','2024-12-02 12:26:35.264425',68);
INSERT INTO ventas_ventas VALUES(69,2.0,320.0,290.0,60.0,'2024-11-22 05:00:00','2024-12-02 12:26:35.265216','2024-12-02 12:26:35.265222',69);
INSERT INTO ventas_ventas VALUES(70,1.0,4000.0,3829.25,170.75,'2024-11-22 05:00:00','2024-12-02 12:26:35.265985','2024-12-02 12:26:35.265991',70);
INSERT INTO ventas_ventas VALUES(71,11.0,160.0,150.0,110.0,'2024-11-22 05:00:00','2024-12-02 12:26:35.266767','2024-12-02 12:26:35.266773',71);
INSERT INTO ventas_ventas VALUES(72,2.0,180.0,150.0,60.0,'2024-11-22 05:00:00','2024-12-02 12:26:35.267542','2024-12-02 12:26:35.267548',72);
INSERT INTO ventas_ventas VALUES(73,1.0,180.0,150.0,30.0,'2024-11-22 05:00:00','2024-12-02 12:26:35.268419','2024-12-02 12:26:35.268426',73);
INSERT INTO ventas_ventas VALUES(74,4.0,180.0,150.0,120.0,'2024-11-22 05:00:00','2024-12-02 12:26:35.269346','2024-12-02 12:26:35.269353',74);
INSERT INTO ventas_ventas VALUES(75,15.0,160.0,140.0,300.0,'2024-11-22 05:00:00','2024-12-02 12:26:35.270564','2024-12-02 12:26:35.270571',75);
INSERT INTO ventas_ventas VALUES(76,12.0,160.0,140.0,240.0,'2024-11-22 05:00:00','2024-12-02 12:26:35.274453','2024-12-02 12:26:35.274459',76);
INSERT INTO ventas_ventas VALUES(77,5.0,160.0,150.0,50.0,'2024-11-22 05:00:00','2024-12-02 12:26:35.275613','2024-12-02 12:26:35.275619',77);
INSERT INTO ventas_ventas VALUES(78,1.0,80.0,54.0799999999999983,25.9200000000000017,'2024-11-22 05:00:00','2024-12-02 12:26:35.276702','2024-12-02 12:26:35.276709',78);
INSERT INTO ventas_ventas VALUES(79,2.0,600.0,500.0,200.0,'2024-11-22 05:00:00','2024-12-02 12:26:35.277671','2024-12-02 12:26:35.277677',79);
INSERT INTO ventas_ventas VALUES(80,1.0,1300.0,940.159999999999969,359.8400000000000319,'2024-11-22 05:00:00','2024-12-02 12:26:35.278544','2024-12-02 12:26:35.278550',80);
INSERT INTO ventas_ventas VALUES(81,1.0,600.0,431.9700000000000273,168.0299999999999728,'2024-11-22 05:00:00','2024-12-02 12:26:35.279377','2024-12-02 12:26:35.279382',81);
INSERT INTO ventas_ventas VALUES(82,60.0,1.5,1.199999999999999956,18.00000000000000355,'2024-11-22 05:00:00','2024-12-02 12:26:35.280199','2024-12-02 12:26:35.280205',82);
INSERT INTO ventas_ventas VALUES(83,20.0,400.0,0.0100000000000000002,7999.800000000000181,'2024-11-22 05:00:00','2024-12-02 12:26:35.281020','2024-12-02 12:26:35.281026',83);
INSERT INTO ventas_ventas VALUES(84,60.0,1.300000000000000044,1.0,18.00000000000000355,'2024-11-22 05:00:00','2024-12-02 12:26:35.281827','2024-12-02 12:26:35.281833',84);
INSERT INTO ventas_ventas VALUES(85,122.0,450.0,0.0100000000000000002,54898.77999999999884,'2024-11-22 05:00:00','2024-12-02 12:26:35.282627','2024-12-02 12:26:35.282632',85);
INSERT INTO ventas_ventas VALUES(86,440.0,325.0,320.0,2200.0,'2024-11-22 05:00:00','2024-12-02 12:26:35.283770','2024-12-02 12:26:35.283776',86);
INSERT INTO ventas_ventas VALUES(87,2.0,60.0,50.0,20.0,'2024-11-22 05:00:00','2024-12-02 12:26:35.284582','2024-12-02 12:26:35.284588',87);
INSERT INTO ventas_ventas VALUES(88,36.0,0.0100000000000000002,60.0,-2159.639999999999873,'2024-11-22 05:00:00','2024-12-02 12:26:35.285390','2024-12-02 12:26:35.285396',88);
INSERT INTO ventas_ventas VALUES(89,0.4000000000000000222,0.0100000000000000002,500.0,-199.9960000000000093,'2024-11-24 05:00:00','2024-12-02 12:29:22.923116','2024-12-02 12:29:22.923126',2);
INSERT INTO ventas_ventas VALUES(90,2.0,140.0,100.0,80.0,'2024-11-24 05:00:00','2024-12-02 12:29:22.924464','2024-12-02 12:29:22.924471',3);
INSERT INTO ventas_ventas VALUES(91,4.0,250.0,100.0,600.0,'2024-11-24 05:00:00','2024-12-02 12:29:22.925626','2024-12-02 12:29:22.925633',4);
INSERT INTO ventas_ventas VALUES(92,68.40000000000000569,0.0100000000000000002,290.0,-19835.31600000000254,'2024-11-24 05:00:00','2024-12-02 12:29:22.926773','2024-12-02 12:29:22.926779',89);
INSERT INTO ventas_ventas VALUES(93,9.0,350.0,320.0,270.0,'2024-11-24 05:00:00','2024-12-02 12:29:22.927663','2024-12-02 12:29:22.927669',6);
INSERT INTO ventas_ventas VALUES(94,5.0,40.0,35.0,25.0,'2024-11-24 05:00:00','2024-12-02 12:29:22.928539','2024-12-02 12:29:22.928545',7);
INSERT INTO ventas_ventas VALUES(95,8.0,60.0,48.0,96.0,'2024-11-24 05:00:00','2024-12-02 12:29:22.929402','2024-12-02 12:29:22.929407',8);
INSERT INTO ventas_ventas VALUES(96,20.0,50.0,40.0,200.0,'2024-11-24 05:00:00','2024-12-02 12:29:22.930275','2024-12-02 12:29:22.930282',9);
INSERT INTO ventas_ventas VALUES(97,95.0,0.0100000000000000002,200.0,-18999.04999999999928,'2024-11-24 05:00:00','2024-12-02 12:29:22.931129','2024-12-02 12:29:22.931135',90);
INSERT INTO ventas_ventas VALUES(98,19.33999999999999986,650.0,0.0100000000000000002,12570.80659999999989,'2024-11-24 05:00:00','2024-12-02 12:29:22.931976','2024-12-02 12:29:22.931982',10);
INSERT INTO ventas_ventas VALUES(99,9.56000000000000049,150.0,0.0100000000000000002,1433.904400000000123,'2024-11-24 05:00:00','2024-12-02 12:29:22.932788','2024-12-02 12:29:22.932794',91);
INSERT INTO ventas_ventas VALUES(100,66.18000000000000683,960.0,0.0100000000000000002,63532.13820000000851,'2024-11-24 05:00:00','2024-12-02 12:29:22.933606','2024-12-02 12:29:22.933613',92);
INSERT INTO ventas_ventas VALUES(101,4.0,100.0,0.0100000000000000002,399.9599999999999796,'2024-11-24 05:00:00','2024-12-02 12:29:22.934890','2024-12-02 12:29:22.934898',93);
INSERT INTO ventas_ventas VALUES(102,19.0,200.0,175.0,475.0,'2024-11-24 05:00:00','2024-12-02 12:29:22.935806','2024-12-02 12:29:22.935812',16);
INSERT INTO ventas_ventas VALUES(103,87.0,200.0,155.0,3915.0,'2024-11-24 05:00:00','2024-12-02 12:29:22.936623','2024-12-02 12:29:22.936629',17);
INSERT INTO ventas_ventas VALUES(104,2.0,1500.0,1300.0,400.0,'2024-11-24 05:00:00','2024-12-02 12:29:22.937434','2024-12-02 12:29:22.937440',18);
INSERT INTO ventas_ventas VALUES(105,36.0,30.0,26.0,144.0,'2024-11-24 05:00:00','2024-12-02 12:29:22.938239','2024-12-02 12:29:22.938245',94);
INSERT INTO ventas_ventas VALUES(106,3.299999999999999823,0.0100000000000000002,1300.0,-4289.966999999999643,'2024-11-24 05:00:00','2024-12-02 12:29:22.939043','2024-12-02 12:29:22.939049',95);
INSERT INTO ventas_ventas VALUES(107,4.0,150.0,130.0,80.0,'2024-11-24 05:00:00','2024-12-02 12:29:22.939849','2024-12-02 12:29:22.939855',19);
INSERT INTO ventas_ventas VALUES(108,2.0,0.0100000000000000002,970.0,-1939.980000000000018,'2024-11-24 05:00:00','2024-12-02 12:29:22.940664','2024-12-02 12:29:22.940670',20);
INSERT INTO ventas_ventas VALUES(109,5.0,0.0100000000000000002,6.799999999999999823,-33.95000000000000285,'2024-11-24 05:00:00','2024-12-02 12:29:22.941465','2024-12-02 12:29:22.941471',21);
INSERT INTO ventas_ventas VALUES(110,2.0,1800.0,1500.0,600.0,'2024-11-24 05:00:00','2024-12-02 12:29:22.942264','2024-12-02 12:29:22.942270',96);
INSERT INTO ventas_ventas VALUES(111,6.0,0.0100000000000000002,82.62999999999999546,-495.7199999999999135,'2024-11-24 05:00:00','2024-12-02 12:29:22.943055','2024-12-02 12:29:22.943061',22);
INSERT INTO ventas_ventas VALUES(112,600.0,0.0,1.0,-600.0,'2024-11-24 05:00:00','2024-12-02 12:29:22.943849','2024-12-02 12:29:22.943855',23);
INSERT INTO ventas_ventas VALUES(113,13.0,180.0,155.0,325.0,'2024-11-24 05:00:00','2024-12-02 12:29:22.944646','2024-12-02 12:29:22.944651',97);
INSERT INTO ventas_ventas VALUES(114,24.0,0.0100000000000000002,55.39999999999999858,-1329.360000000000127,'2024-11-24 05:00:00','2024-12-02 12:29:22.945428','2024-12-02 12:29:22.945434',24);
INSERT INTO ventas_ventas VALUES(115,1.040000000000000035,0.0100000000000000002,2400.0,-2495.989599999999883,'2024-11-24 05:00:00','2024-12-02 12:29:22.946213','2024-12-02 12:29:22.946219',98);
INSERT INTO ventas_ventas VALUES(116,102.0,0.0100000000000000002,23.53999999999999915,-2400.059999999999946,'2024-11-24 05:00:00','2024-12-02 12:29:22.947006','2024-12-02 12:29:22.947012',25);
INSERT INTO ventas_ventas VALUES(117,61.0,0.0100000000000000002,23.60000000000000142,-1438.990000000000009,'2024-11-24 05:00:00','2024-12-02 12:29:22.947804','2024-12-02 12:29:22.947809',26);
INSERT INTO ventas_ventas VALUES(118,400.0,0.0100000000000000002,13.40000000000000035,-5356.0,'2024-11-24 05:00:00','2024-12-02 12:29:22.948593','2024-12-02 12:29:22.948598',99);
INSERT INTO ventas_ventas VALUES(119,83.0,0.0100000000000000002,23.60000000000000142,-1957.970000000000027,'2024-11-24 05:00:00','2024-12-02 12:29:22.949372','2024-12-02 12:29:22.949378',27);
INSERT INTO ventas_ventas VALUES(120,24.0,0.0100000000000000002,23.60000000000000142,-566.1599999999999682,'2024-11-24 05:00:00','2024-12-02 12:29:22.950212','2024-12-02 12:29:22.950218',28);
INSERT INTO ventas_ventas VALUES(121,15.0,50.0,45.0,75.0,'2024-11-24 05:00:00','2024-12-02 12:29:22.950995','2024-12-02 12:29:22.951001',29);
INSERT INTO ventas_ventas VALUES(122,63.0,0.1000000000000000055,60.0,-3773.699999999999819,'2024-11-24 05:00:00','2024-12-02 12:29:22.951806','2024-12-02 12:29:22.951812',30);
INSERT INTO ventas_ventas VALUES(123,19.0,800.0,680.0,2280.0,'2024-11-24 05:00:00','2024-12-02 12:29:22.952627','2024-12-02 12:29:22.952633',31);
INSERT INTO ventas_ventas VALUES(124,10.0,0.0100000000000000002,300.0,-2999.90000000000009,'2024-11-24 05:00:00','2024-12-02 12:29:22.953875','2024-12-02 12:29:22.953881',32);
INSERT INTO ventas_ventas VALUES(125,7.0,320.0,300.0,140.0,'2024-11-24 05:00:00','2024-12-02 12:29:22.954739','2024-12-02 12:29:22.954745',33);
INSERT INTO ventas_ventas VALUES(126,2.0,810.0,600.0,420.0,'2024-11-24 05:00:00','2024-12-02 12:29:22.955544','2024-12-02 12:29:22.955549',35);
INSERT INTO ventas_ventas VALUES(127,168.0,350.0,0.0100000000000000002,58798.31999999999971,'2024-11-24 05:00:00','2024-12-02 12:29:22.956344','2024-12-02 12:29:22.956350',36);
INSERT INTO ventas_ventas VALUES(128,40.0,0.0100000000000000002,2.0,-79.59999999999999431,'2024-11-24 05:00:00','2024-12-02 12:29:22.957154','2024-12-02 12:29:22.957159',38);
INSERT INTO ventas_ventas VALUES(129,60.0,10.0,5.0,300.0,'2024-11-24 05:00:00','2024-12-02 12:29:22.957928','2024-12-02 12:29:22.957933',39);
INSERT INTO ventas_ventas VALUES(130,13.0,180.0,135.0,585.0,'2024-11-24 05:00:00','2024-12-02 12:29:22.958722','2024-12-02 12:29:22.958728',40);
INSERT INTO ventas_ventas VALUES(131,24.0,220.0,175.5,1068.0,'2024-11-24 05:00:00','2024-12-02 12:29:22.959553','2024-12-02 12:29:22.959559',41);
INSERT INTO ventas_ventas VALUES(132,7.0,200.0,180.0,140.0,'2024-11-24 05:00:00','2024-12-02 12:29:22.960384','2024-12-02 12:29:22.960391',42);
INSERT INTO ventas_ventas VALUES(133,12.0,600.0,580.0,240.0,'2024-11-24 05:00:00','2024-12-02 12:29:22.961233','2024-12-02 12:29:22.961240',43);
INSERT INTO ventas_ventas VALUES(134,555.0,0.0100000000000000002,117.4800000000000039,-65195.84999999999855,'2024-11-24 05:00:00','2024-12-02 12:29:22.962300','2024-12-02 12:29:22.962307',44);
INSERT INTO ventas_ventas VALUES(135,2.0,0.0100000000000000002,800.0,-1599.980000000000018,'2024-11-24 05:00:00','2024-12-02 12:29:22.963306','2024-12-02 12:29:22.963312',45);
INSERT INTO ventas_ventas VALUES(136,17.0,0.0100000000000000002,2460.159999999999855,-41822.54999999999563,'2024-11-24 05:00:00','2024-12-02 12:29:22.964434','2024-12-02 12:29:22.964441',100);
INSERT INTO ventas_ventas VALUES(137,33.0,0.0100000000000000002,659.0,-21746.6700000000019,'2024-11-24 05:00:00','2024-12-02 12:29:22.965492','2024-12-02 12:29:22.965498',46);
INSERT INTO ventas_ventas VALUES(138,18.0,100.0,70.0,540.0,'2024-11-24 05:00:00','2024-12-02 12:29:22.966764','2024-12-02 12:29:22.966771',47);
INSERT INTO ventas_ventas VALUES(139,11.0,200.0,180.0,220.0,'2024-11-24 05:00:00','2024-12-02 12:29:22.967669','2024-12-02 12:29:22.967675',48);
INSERT INTO ventas_ventas VALUES(140,451.0,100.0,0.0100000000000000002,45095.48999999999797,'2024-11-24 05:00:00','2024-12-02 12:29:22.968701','2024-12-02 12:29:22.968707',50);
INSERT INTO ventas_ventas VALUES(141,1200.0,0.1000000000000000055,1.0,-1080.0,'2024-11-24 05:00:00','2024-12-02 12:29:22.969675','2024-12-02 12:29:22.969681',101);
INSERT INTO ventas_ventas VALUES(142,11.0,220.0,175.5,489.5,'2024-11-24 05:00:00','2024-12-02 12:29:22.970753','2024-12-02 12:29:22.970760',52);
INSERT INTO ventas_ventas VALUES(143,246.0,0.0100000000000000002,110.5,-27180.53999999999723,'2024-11-24 05:00:00','2024-12-02 12:29:22.972229','2024-12-02 12:29:22.972235',53);
INSERT INTO ventas_ventas VALUES(144,400.0,0.1000000000000000055,50.0,-19960.0,'2024-11-24 05:00:00','2024-12-02 12:29:22.973268','2024-12-02 12:29:22.973274',102);
INSERT INTO ventas_ventas VALUES(145,6.0,0.0100000000000000002,58.0,-347.9399999999999978,'2024-11-24 05:00:00','2024-12-02 12:29:22.974217','2024-12-02 12:29:22.974223',103);
INSERT INTO ventas_ventas VALUES(146,50.0,600.0,400.0,10000.0,'2024-11-24 05:00:00','2024-12-02 12:29:22.978733','2024-12-02 12:29:22.978739',54);
INSERT INTO ventas_ventas VALUES(147,58.46999999999999887,650.0,0.0100000000000000002,38004.91530000000057,'2024-11-24 05:00:00','2024-12-02 12:29:22.979986','2024-12-02 12:29:22.979992',104);
INSERT INTO ventas_ventas VALUES(148,6.0,250.0,220.0,180.0,'2024-11-24 05:00:00','2024-12-02 12:29:22.980876','2024-12-02 12:29:22.980881',105);
INSERT INTO ventas_ventas VALUES(149,12.0,600.0,0.0100000000000000002,7199.880000000000109,'2024-11-24 05:00:00','2024-12-02 12:29:22.981760','2024-12-02 12:29:22.981766',106);
INSERT INTO ventas_ventas VALUES(150,40.0,300.0,300.0,0.0,'2024-11-24 05:00:00','2024-12-02 12:29:22.982575','2024-12-02 12:29:22.982581',107);
INSERT INTO ventas_ventas VALUES(151,0.8000000000000000444,0.0100000000000000002,45.0,-35.99200000000000444,'2024-11-24 05:00:00','2024-12-02 12:29:22.983383','2024-12-02 12:29:22.983389',63);
INSERT INTO ventas_ventas VALUES(152,126.0,150.0,87.0,7938.0,'2024-11-24 05:00:00','2024-12-02 12:29:22.984201','2024-12-02 12:29:22.984207',64);
INSERT INTO ventas_ventas VALUES(153,2.0,0.0100000000000000002,48.0,-95.9800000000000039,'2024-11-24 05:00:00','2024-12-02 12:29:22.984999','2024-12-02 12:29:22.985005',65);
INSERT INTO ventas_ventas VALUES(154,2.0,0.0100000000000000002,266.6700000000000159,-533.32000000000005,'2024-11-24 05:00:00','2024-12-02 12:29:22.985797','2024-12-02 12:29:22.985803',66);
INSERT INTO ventas_ventas VALUES(155,5.0,400.0,350.0,250.0,'2024-11-24 05:00:00','2024-12-02 12:29:22.986582','2024-12-02 12:29:22.986587',67);
INSERT INTO ventas_ventas VALUES(156,2.0,60.0,31.0799999999999983,57.84000000000000341,'2024-11-24 05:00:00','2024-12-02 12:29:22.987353','2024-12-02 12:29:22.987359',108);
INSERT INTO ventas_ventas VALUES(157,6.0,400.0,350.0,300.0,'2024-11-24 05:00:00','2024-12-02 12:29:22.988160','2024-12-02 12:29:22.988166',68);
INSERT INTO ventas_ventas VALUES(158,1.0,500.0,450.0,50.0,'2024-11-24 05:00:00','2024-12-02 12:29:22.988990','2024-12-02 12:29:22.988996',109);
INSERT INTO ventas_ventas VALUES(159,3.0,320.0,290.0,90.0,'2024-11-24 05:00:00','2024-12-02 12:29:22.990052','2024-12-02 12:29:22.990059',69);
INSERT INTO ventas_ventas VALUES(160,21.0,160.0,150.0,210.0,'2024-11-24 05:00:00','2024-12-02 12:29:22.992211','2024-12-02 12:29:22.992217',71);
INSERT INTO ventas_ventas VALUES(161,3.0,180.0,150.0,90.0,'2024-11-24 05:00:00','2024-12-02 12:29:22.998654','2024-12-02 12:29:22.998660',72);
INSERT INTO ventas_ventas VALUES(162,9.0,180.0,150.0,270.0,'2024-11-24 05:00:00','2024-12-02 12:29:22.999439','2024-12-02 12:29:22.999444',73);
INSERT INTO ventas_ventas VALUES(163,16.0,180.0,150.0,480.0,'2024-11-24 05:00:00','2024-12-02 12:29:23.000229','2024-12-02 12:29:23.000235',74);
INSERT INTO ventas_ventas VALUES(164,18.0,160.0,140.0,360.0,'2024-11-24 05:00:00','2024-12-02 12:29:23.001018','2024-12-02 12:29:23.001024',75);
INSERT INTO ventas_ventas VALUES(165,21.0,160.0,140.0,420.0,'2024-11-24 05:00:00','2024-12-02 12:29:23.001800','2024-12-02 12:29:23.001805',76);
INSERT INTO ventas_ventas VALUES(166,8.0,160.0,150.0,80.0,'2024-11-24 05:00:00','2024-12-02 12:29:23.002813','2024-12-02 12:29:23.002819',77);
INSERT INTO ventas_ventas VALUES(167,1.0,0.0100000000000000002,3000.0,-2999.989999999999782,'2024-11-24 05:00:00','2024-12-02 12:29:23.003734','2024-12-02 12:29:23.003740',110);
INSERT INTO ventas_ventas VALUES(168,7.0,80.0,54.0799999999999983,181.4399999999999978,'2024-11-24 05:00:00','2024-12-02 12:29:23.004701','2024-12-02 12:29:23.004707',78);
INSERT INTO ventas_ventas VALUES(169,1.0,600.0,500.0,100.0,'2024-11-24 05:00:00','2024-12-02 12:29:23.005657','2024-12-02 12:29:23.005663',79);
INSERT INTO ventas_ventas VALUES(170,0.2999999999999999889,0.0100000000000000002,811.25,-243.3719999999999857,'2024-11-24 05:00:00','2024-12-02 12:29:23.006455','2024-12-02 12:29:23.006461',111);
INSERT INTO ventas_ventas VALUES(171,3.0,600.0,431.9700000000000273,504.0899999999999181,'2024-11-24 05:00:00','2024-12-02 12:29:23.007251','2024-12-02 12:29:23.007257',81);
INSERT INTO ventas_ventas VALUES(172,1.0,5000.0,5000.0,0.0,'2024-11-24 05:00:00','2024-12-02 12:29:23.008056','2024-12-02 12:29:23.008062',112);
INSERT INTO ventas_ventas VALUES(173,39.0,400.0,0.0100000000000000002,15599.61000000000058,'2024-11-24 05:00:00','2024-12-02 12:29:23.008839','2024-12-02 12:29:23.008845',83);
INSERT INTO ventas_ventas VALUES(174,200.0,450.0,0.0100000000000000002,89998.0,'2024-11-24 05:00:00','2024-12-02 12:29:23.009624','2024-12-02 12:29:23.009629',85);
INSERT INTO ventas_ventas VALUES(175,50.0,300.0,300.0,0.0,'2024-11-24 05:00:00','2024-12-02 12:29:23.010414','2024-12-02 12:29:23.010420',113);
INSERT INTO ventas_ventas VALUES(176,30.0,300.0,300.0,0.0,'2024-11-24 05:00:00','2024-12-02 12:29:23.011225','2024-12-02 12:29:23.011231',114);
INSERT INTO ventas_ventas VALUES(177,150.0,300.0,300.0,0.0,'2024-11-24 05:00:00','2024-12-02 12:29:23.011990','2024-12-02 12:29:23.011996',115);
INSERT INTO ventas_ventas VALUES(178,150.0,320.0,300.0,3000.0,'2024-11-24 05:00:00','2024-12-02 12:29:23.012763','2024-12-02 12:29:23.012769',116);
INSERT INTO ventas_ventas VALUES(179,400.0,310.0,310.0,0.0,'2024-11-24 05:00:00','2024-12-02 12:29:23.013539','2024-12-02 12:29:23.013544',117);
INSERT INTO ventas_ventas VALUES(180,100.0,325.0,300.0,2500.0,'2024-11-24 05:00:00','2024-12-02 12:29:23.014310','2024-12-02 12:29:23.014316',118);
INSERT INTO ventas_ventas VALUES(181,10.0,60.0,50.0,100.0,'2024-11-24 05:00:00','2024-12-02 12:29:23.015102','2024-12-02 12:29:23.015108',87);
INSERT INTO ventas_ventas VALUES(182,29.0,0.0100000000000000002,60.0,-1739.710000000000036,'2024-11-24 05:00:00','2024-12-02 12:29:23.015874','2024-12-02 12:29:23.015880',88);
INSERT INTO ventas_ventas VALUES(183,9.0,1649.40000000000009,0.0100000000000000002,14844.51000000000021,'2024-11-25 05:00:00','2024-12-02 12:29:34.372011','2024-12-02 12:29:34.372019',119);
INSERT INTO ventas_ventas VALUES(184,34.56499999999999773,549.759999999999991,0.0100000000000000002,19002.10874999999942,'2024-11-25 05:00:00','2024-12-02 12:29:34.373193','2024-12-02 12:29:34.373201',120);
INSERT INTO ventas_ventas VALUES(185,12.0,2746.5,0.0100000000000000002,32957.87999999999738,'2024-11-25 05:00:00','2024-12-02 12:29:34.374196','2024-12-02 12:29:34.374203',121);
INSERT INTO ventas_ventas VALUES(186,5.0,2746.5,0.0100000000000000002,13732.44999999999891,'2024-11-25 05:00:00','2024-12-02 12:29:34.375172','2024-12-02 12:29:34.375180',122);
INSERT INTO ventas_ventas VALUES(187,7.0,1475.0,450.0,7175.0,'2024-11-25 05:00:00','2024-12-02 12:29:34.376141','2024-12-02 12:29:34.376148',13);
INSERT INTO ventas_ventas VALUES(188,70.0,350.0,0.0100000000000000002,24499.29999999999928,'2024-11-25 05:00:00','2024-12-02 12:29:34.377440','2024-12-02 12:29:34.377447',36);
INSERT INTO ventas_ventas VALUES(189,1.0,45000.0,45000.0,0.0,'2024-11-25 05:00:00','2024-12-02 12:29:34.378392','2024-12-02 12:29:34.378399',123);
INSERT INTO ventas_ventas VALUES(190,81.0,600.0,400.0,16200.0,'2024-11-25 05:00:00','2024-12-02 12:29:34.379392','2024-12-02 12:29:34.379399',54);
INSERT INTO ventas_ventas VALUES(191,24.0,0.0100000000000000002,550.0,-13199.76000000000021,'2024-11-25 05:00:00','2024-12-02 12:29:34.380335','2024-12-02 12:29:34.380341',57);
INSERT INTO ventas_ventas VALUES(192,24.42999999999999972,650.0,0.0100000000000000002,15879.25569999999971,'2024-11-25 05:00:00','2024-12-02 12:29:34.381384','2024-12-02 12:29:34.381390',124);
INSERT INTO ventas_ventas VALUES(193,11.0,600.0,0.0100000000000000002,6599.890000000000327,'2024-11-25 05:00:00','2024-12-02 12:29:34.382472','2024-12-02 12:29:34.382477',106);
INSERT INTO ventas_ventas VALUES(194,1.0,0.0100000000000000002,600.0,-599.990000000000009,'2024-11-25 05:00:00','2024-12-02 12:29:34.383526','2024-12-02 12:29:34.383532',125);
INSERT INTO ventas_ventas VALUES(195,15.0,1800.0,900.0,13500.0,'2024-11-25 05:00:00','2024-12-02 12:29:34.384527','2024-12-02 12:29:34.384533',126);
INSERT INTO ventas_ventas VALUES(196,20.0,400.0,0.0100000000000000002,7999.800000000000181,'2024-11-25 05:00:00','2024-12-02 12:29:34.385542','2024-12-02 12:29:34.385548',83);
INSERT INTO ventas_ventas VALUES(197,60.0,450.0,0.0100000000000000002,26999.40000000000145,'2024-11-25 05:00:00','2024-12-02 12:29:34.386547','2024-12-02 12:29:34.386552',85);
INSERT INTO ventas_ventas VALUES(198,2.0,0.0100000000000000002,450.0,-899.9800000000000181,'2024-11-25 05:00:00','2024-12-02 12:29:34.387434','2024-12-02 12:29:34.387440',127);
INSERT INTO ventas_ventas VALUES(199,5.629999999999999894,960.0,0.0100000000000000002,5404.74369999999999,'2024-11-26 05:00:00','2024-12-02 12:29:44.094525','2024-12-02 12:29:44.094538',92);
INSERT INTO ventas_ventas VALUES(200,68.35999999999999944,915.490000000000009,846.6699999999999591,4704.535200000002988,'2024-11-26 05:00:00','2024-12-02 12:29:44.096181','2024-12-02 12:29:44.096192',128);
INSERT INTO ventas_ventas VALUES(201,3.0,500.0,0.0100000000000000002,1499.970000000000027,'2024-11-26 05:00:00','2024-12-02 12:29:44.097422','2024-12-02 12:29:44.097431',129);
INSERT INTO ventas_ventas VALUES(202,50.0,350.0,0.0100000000000000002,17499.5,'2024-11-26 05:00:00','2024-12-02 12:29:44.099038','2024-12-02 12:29:44.099049',36);
INSERT INTO ventas_ventas VALUES(203,50.0,100.0,0.0100000000000000002,4999.5,'2024-11-26 05:00:00','2024-12-02 12:29:44.100553','2024-12-02 12:29:44.100561',50);
INSERT INTO ventas_ventas VALUES(204,50.0,600.0,400.0,10000.0,'2024-11-26 05:00:00','2024-12-02 12:29:44.101826','2024-12-02 12:29:44.101835',54);
INSERT INTO ventas_ventas VALUES(205,2.0,40000.0,40000.0,0.0,'2024-11-26 05:00:00','2024-12-02 12:29:44.103006','2024-12-02 12:29:44.103014',56);
INSERT INTO ventas_ventas VALUES(206,20.0,400.0,0.0100000000000000002,7999.800000000000181,'2024-11-26 05:00:00','2024-12-02 12:29:44.104155','2024-12-02 12:29:44.104163',83);
INSERT INTO ventas_ventas VALUES(207,87.0,450.0,0.0100000000000000002,39149.12999999999738,'2024-11-26 05:00:00','2024-12-02 12:29:44.105160','2024-12-02 12:29:44.105166',85);
INSERT INTO ventas_ventas VALUES(208,306.0,350.0,0.0100000000000000002,107096.9400000000023,'2024-11-27 05:00:00','2024-12-02 12:29:53.642692','2024-12-02 12:29:53.642702',36);
INSERT INTO ventas_ventas VALUES(209,150.0,100.0,0.0100000000000000002,14998.5,'2024-11-27 05:00:00','2024-12-02 12:29:53.644492','2024-12-02 12:29:53.644505',50);
INSERT INTO ventas_ventas VALUES(210,105.0,600.0,400.0,21000.0,'2024-11-27 05:00:00','2024-12-02 12:29:53.645914','2024-12-02 12:29:53.645921',54);
INSERT INTO ventas_ventas VALUES(211,6.730000000000000426,650.0,0.0100000000000000002,4374.432700000000296,'2024-11-27 05:00:00','2024-12-02 12:29:53.647153','2024-12-02 12:29:53.647165',104);
INSERT INTO ventas_ventas VALUES(212,5.400000000000000355,0.0100000000000000002,490.6999999999999887,-2649.726000000000112,'2024-11-27 05:00:00','2024-12-02 12:29:53.648644','2024-12-02 12:29:53.648654',130);
INSERT INTO ventas_ventas VALUES(213,10.0,650.0,0.0100000000000000002,6499.899999999999637,'2024-11-27 05:00:00','2024-12-02 12:29:53.650590','2024-12-02 12:29:53.650600',124);
INSERT INTO ventas_ventas VALUES(214,7.0,600.0,0.0100000000000000002,4199.930000000000292,'2024-11-27 05:00:00','2024-12-02 12:29:53.652004','2024-12-02 12:29:53.652013',106);
INSERT INTO ventas_ventas VALUES(215,400.0,150.0,87.0,25200.0,'2024-11-27 05:00:00','2024-12-02 12:29:53.653350','2024-12-02 12:29:53.653359',64);
INSERT INTO ventas_ventas VALUES(216,1.0,50000.0,50000.0,0.0,'2024-11-27 05:00:00','2024-12-02 12:29:53.654636','2024-12-02 12:29:53.654645',131);
INSERT INTO ventas_ventas VALUES(217,60.0,1.5,1.199999999999999956,18.00000000000000355,'2024-11-27 05:00:00','2024-12-02 12:29:53.655856','2024-12-02 12:29:53.655864',82);
INSERT INTO ventas_ventas VALUES(218,60.0,1.300000000000000044,1.0,18.00000000000000355,'2024-11-27 05:00:00','2024-12-02 12:29:53.657150','2024-12-02 12:29:53.657157',84);
INSERT INTO ventas_ventas VALUES(219,35.0,450.0,0.0100000000000000002,15749.64999999999964,'2024-11-27 05:00:00','2024-12-02 12:29:53.659255','2024-12-02 12:29:53.659263',85);
INSERT INTO ventas_ventas VALUES(220,0.2000000000000000111,0.0100000000000000002,500.0,-99.9980000000000046,'2024-11-28 05:00:00','2024-12-02 12:30:04.390119','2024-12-02 12:30:04.390126',2);
INSERT INTO ventas_ventas VALUES(221,13.05000000000000071,0.0100000000000000002,290.0,-3784.369500000000243,'2024-11-28 05:00:00','2024-12-02 12:30:04.391130','2024-12-02 12:30:04.391136',89);
INSERT INTO ventas_ventas VALUES(222,2.0,0.0100000000000000002,290.0,-579.9800000000000181,'2024-11-28 05:00:00','2024-12-02 12:30:04.392418','2024-12-02 12:30:04.392424',5);
INSERT INTO ventas_ventas VALUES(223,7.0,9.44999999999999928,0.0100000000000000002,66.0799999999999983,'2024-11-28 05:00:00','2024-12-02 12:30:04.393280','2024-12-02 12:30:04.393286',132);
INSERT INTO ventas_ventas VALUES(224,1.0,1050.0,30.0,1020.0,'2024-11-28 05:00:00','2024-12-02 12:30:04.394247','2024-12-02 12:30:04.394253',133);
INSERT INTO ventas_ventas VALUES(225,230.6049999999999898,3.149999999999999912,0.0100000000000000002,724.0996999999999844,'2024-11-28 05:00:00','2024-12-02 12:30:04.395147','2024-12-02 12:30:04.395153',134);
INSERT INTO ventas_ventas VALUES(226,5.69000000000000039,1050.0,7.0,5934.670000000000072,'2024-11-28 05:00:00','2024-12-02 12:30:04.395987','2024-12-02 12:30:04.395993',135);
INSERT INTO ventas_ventas VALUES(227,3.0,500.0,0.0100000000000000002,1499.970000000000027,'2024-11-28 05:00:00','2024-12-02 12:30:04.396829','2024-12-02 12:30:04.396835',129);
INSERT INTO ventas_ventas VALUES(228,5.0,2500.0,0.0100000000000000002,12499.94999999999891,'2024-11-28 05:00:00','2024-12-02 12:30:04.397911','2024-12-02 12:30:04.397917',136);
INSERT INTO ventas_ventas VALUES(229,542.5,0.0100000000000000002,550.0,-298369.5750000000116,'2024-11-28 05:00:00','2024-12-02 12:30:04.398759','2024-12-02 12:30:04.398766',14);
INSERT INTO ventas_ventas VALUES(230,1.0,0.0100000000000000002,970.0,-969.990000000000009,'2024-11-28 05:00:00','2024-12-02 12:30:04.399754','2024-12-02 12:30:04.399759',20);
INSERT INTO ventas_ventas VALUES(231,2.0,0.0100000000000000002,6.799999999999999823,-13.58000000000000007,'2024-11-28 05:00:00','2024-12-02 12:30:04.400749','2024-12-02 12:30:04.400755',21);
INSERT INTO ventas_ventas VALUES(232,4.0,0.0100000000000000002,82.62999999999999546,-330.4799999999999613,'2024-11-28 05:00:00','2024-12-02 12:30:04.402101','2024-12-02 12:30:04.402107',22);
INSERT INTO ventas_ventas VALUES(233,300.0,0.0,1.0,-300.0,'2024-11-28 05:00:00','2024-12-02 12:30:04.403260','2024-12-02 12:30:04.403267',23);
INSERT INTO ventas_ventas VALUES(234,12.0,0.0100000000000000002,55.39999999999999858,-664.6800000000000637,'2024-11-28 05:00:00','2024-12-02 12:30:04.404200','2024-12-02 12:30:04.404206',24);
INSERT INTO ventas_ventas VALUES(235,0.08000000000000000166,0.0100000000000000002,2400.0,-191.9991999999999735,'2024-11-28 05:00:00','2024-12-02 12:30:04.405274','2024-12-02 12:30:04.405280',98);
INSERT INTO ventas_ventas VALUES(236,122.0,0.0100000000000000002,23.53999999999999915,-2870.659999999999855,'2024-11-28 05:00:00','2024-12-02 12:30:04.406138','2024-12-02 12:30:04.406144',25);
INSERT INTO ventas_ventas VALUES(237,100.0,0.0100000000000000002,13.40000000000000035,-1339.0,'2024-11-28 05:00:00','2024-12-02 12:30:04.406975','2024-12-02 12:30:04.406981',99);
INSERT INTO ventas_ventas VALUES(238,40.0,0.0100000000000000002,23.60000000000000142,-943.600000000000022,'2024-11-28 05:00:00','2024-12-02 12:30:04.407818','2024-12-02 12:30:04.407824',27);
INSERT INTO ventas_ventas VALUES(239,12.0,0.0100000000000000002,23.60000000000000142,-283.0799999999999841,'2024-11-28 05:00:00','2024-12-02 12:30:04.408650','2024-12-02 12:30:04.408656',28);
INSERT INTO ventas_ventas VALUES(240,50.0,0.1000000000000000055,60.0,-2995.0,'2024-11-28 05:00:00','2024-12-02 12:30:04.409488','2024-12-02 12:30:04.409493',30);
INSERT INTO ventas_ventas VALUES(241,5.0,0.0100000000000000002,300.0,-1499.950000000000045,'2024-11-28 05:00:00','2024-12-02 12:30:04.410339','2024-12-02 12:30:04.410346',32);
INSERT INTO ventas_ventas VALUES(242,197.0,350.0,0.0100000000000000002,68948.02999999999884,'2024-11-28 05:00:00','2024-12-02 12:30:04.411187','2024-12-02 12:30:04.411193',36);
INSERT INTO ventas_ventas VALUES(243,20.0,0.0100000000000000002,2.0,-39.79999999999999715,'2024-11-28 05:00:00','2024-12-02 12:30:04.411990','2024-12-02 12:30:04.411996',38);
INSERT INTO ventas_ventas VALUES(244,18.64000000000000056,0.1000000000000000055,0.1000000000000000055,0.0,'2024-11-28 05:00:00','2024-12-02 12:30:04.412798','2024-12-02 12:30:04.412804',137);
INSERT INTO ventas_ventas VALUES(245,12.0,220.0,175.5,534.0,'2024-11-28 05:00:00','2024-12-02 12:30:04.413600','2024-12-02 12:30:04.413605',41);
INSERT INTO ventas_ventas VALUES(246,10.0,40.0,0.0100000000000000002,399.9000000000000342,'2024-11-28 05:00:00','2024-12-02 12:30:04.414416','2024-12-02 12:30:04.414422',138);
INSERT INTO ventas_ventas VALUES(247,280.0,0.0100000000000000002,117.4800000000000039,-32891.59999999999855,'2024-11-28 05:00:00','2024-12-02 12:30:04.415210','2024-12-02 12:30:04.415216',44);
INSERT INTO ventas_ventas VALUES(248,1.0,0.0100000000000000002,800.0,-799.990000000000009,'2024-11-28 05:00:00','2024-12-02 12:30:04.416016','2024-12-02 12:30:04.416022',45);
INSERT INTO ventas_ventas VALUES(249,5.0,0.0100000000000000002,2460.159999999999855,-12300.74999999999818,'2024-11-28 05:00:00','2024-12-02 12:30:04.416823','2024-12-02 12:30:04.416829',100);
INSERT INTO ventas_ventas VALUES(250,17.0,0.0100000000000000002,659.0,-11202.82999999999993,'2024-11-28 05:00:00','2024-12-02 12:30:04.417656','2024-12-02 12:30:04.417662',46);
INSERT INTO ventas_ventas VALUES(251,206.0,100.0,0.0100000000000000002,20597.93999999999869,'2024-11-28 05:00:00','2024-12-02 12:30:04.418458','2024-12-02 12:30:04.418464',50);
INSERT INTO ventas_ventas VALUES(252,300.0,0.1000000000000000055,1.0,-270.0,'2024-11-28 05:00:00','2024-12-02 12:30:04.419272','2024-12-02 12:30:04.419278',101);
INSERT INTO ventas_ventas VALUES(253,7.5,20.0,0.0100000000000000002,149.9249999999999829,'2024-11-28 05:00:00','2024-12-02 12:30:04.420101','2024-12-02 12:30:04.420107',139);
INSERT INTO ventas_ventas VALUES(254,350.0,0.0100000000000000002,110.5,-38671.5,'2024-11-28 05:00:00','2024-12-02 12:30:04.420932','2024-12-02 12:30:04.420938',53);
INSERT INTO ventas_ventas VALUES(255,100.0,0.1000000000000000055,50.0,-4990.0,'2024-11-28 05:00:00','2024-12-02 12:30:04.421753','2024-12-02 12:30:04.421759',102);
INSERT INTO ventas_ventas VALUES(256,40.0,600.0,400.0,8000.0,'2024-11-28 05:00:00','2024-12-02 12:30:04.422574','2024-12-02 12:30:04.422580',54);
INSERT INTO ventas_ventas VALUES(257,22.0,2.029999999999999804,0.0100000000000000002,44.43999999999999773,'2024-11-28 05:00:00','2024-12-02 12:30:04.423409','2024-12-02 12:30:04.423415',140);
INSERT INTO ventas_ventas VALUES(258,3.0,40000.0,40000.0,0.0,'2024-11-28 05:00:00','2024-12-02 12:30:04.424238','2024-12-02 12:30:04.424244',56);
INSERT INTO ventas_ventas VALUES(259,24.99500000000000099,650.0,0.0100000000000000002,16246.50005000000055,'2024-11-28 05:00:00','2024-12-02 12:30:04.425046','2024-12-02 12:30:04.425052',104);
INSERT INTO ventas_ventas VALUES(260,48.64000000000000056,2.189999999999999947,0.0100000000000000002,106.0352000000000032,'2024-11-28 05:00:00','2024-12-02 12:30:04.425837','2024-12-02 12:30:04.425843',141);
INSERT INTO ventas_ventas VALUES(261,10.0,600.0,0.0100000000000000002,5999.899999999999637,'2024-11-28 05:00:00','2024-12-02 12:30:04.426633','2024-12-02 12:30:04.426639',106);
INSERT INTO ventas_ventas VALUES(262,20.0,2.660000000000000142,0.0100000000000000002,53.00000000000000711,'2024-11-28 05:00:00','2024-12-02 12:30:04.427446','2024-12-02 12:30:04.427452',142);
INSERT INTO ventas_ventas VALUES(263,1.0,2400.0,0.0100000000000000002,2399.989999999999782,'2024-11-28 05:00:00','2024-12-02 12:30:04.428233','2024-12-02 12:30:04.428239',143);
INSERT INTO ventas_ventas VALUES(264,0.5,0.0100000000000000002,45.0,-22.49500000000000099,'2024-11-28 05:00:00','2024-12-02 12:30:04.429020','2024-12-02 12:30:04.429025',63);
INSERT INTO ventas_ventas VALUES(265,1.0,0.0100000000000000002,48.0,-47.99000000000000198,'2024-11-28 05:00:00','2024-12-02 12:30:04.429799','2024-12-02 12:30:04.429805',65);
INSERT INTO ventas_ventas VALUES(266,1.0,0.0100000000000000002,266.6700000000000159,-266.660000000000025,'2024-11-28 05:00:00','2024-12-02 12:30:04.430592','2024-12-02 12:30:04.430598',66);
INSERT INTO ventas_ventas VALUES(267,1.300000000000000044,0.0100000000000000002,811.25,-1054.612000000000081,'2024-11-28 05:00:00','2024-12-02 12:30:04.431399','2024-12-02 12:30:04.431405',111);
INSERT INTO ventas_ventas VALUES(268,52.0,1.409999999999999921,0.0100000000000000002,72.79999999999999716,'2024-11-28 05:00:00','2024-12-02 12:30:04.432212','2024-12-02 12:30:04.432218',144);
INSERT INTO ventas_ventas VALUES(269,19.0,400.0,0.0100000000000000002,7599.8100000000004,'2024-11-28 05:00:00','2024-12-02 12:30:04.433030','2024-12-02 12:30:04.433037',83);
INSERT INTO ventas_ventas VALUES(270,142.0,450.0,0.0100000000000000002,63898.58000000000174,'2024-11-28 05:00:00','2024-12-02 12:30:04.434150','2024-12-02 12:30:04.434157',85);
INSERT INTO ventas_ventas VALUES(271,5.0,1.560000000000000053,0.0100000000000000002,7.75,'2024-11-28 05:00:00','2024-12-02 12:30:04.435308','2024-12-02 12:30:04.435314',145);
INSERT INTO ventas_ventas VALUES(272,2706.0,325.0,320.0,13530.0,'2024-11-28 05:00:00','2024-12-02 12:30:04.436392','2024-12-02 12:30:04.436398',86);
INSERT INTO ventas_ventas VALUES(273,5.0,990.0,800.0,950.0,'2024-11-29 05:00:00','2024-12-02 12:30:14.376132','2024-12-02 12:30:14.376140',146);
INSERT INTO ventas_ventas VALUES(274,2.0,1500.0,1112.950000000000045,774.099999999999909,'2024-11-29 05:00:00','2024-12-02 12:30:14.377418','2024-12-02 12:30:14.377427',1);
INSERT INTO ventas_ventas VALUES(275,0.2700000000000000177,0.0100000000000000002,500.0,-134.9973000000000241,'2024-11-29 05:00:00','2024-12-02 12:30:14.379405','2024-12-02 12:30:14.379412',2);
INSERT INTO ventas_ventas VALUES(276,5.0,140.0,100.0,200.0,'2024-11-29 05:00:00','2024-12-02 12:30:14.380410','2024-12-02 12:30:14.380416',3);
INSERT INTO ventas_ventas VALUES(277,19.0,250.0,100.0,2850.0,'2024-11-29 05:00:00','2024-12-02 12:30:14.381296','2024-12-02 12:30:14.381302',4);
INSERT INTO ventas_ventas VALUES(278,1.0,620.0,600.0,20.0,'2024-11-29 05:00:00','2024-12-02 12:30:14.382363','2024-12-02 12:30:14.382370',147);
INSERT INTO ventas_ventas VALUES(279,26.0,0.0100000000000000002,290.0,-7539.739999999999782,'2024-11-29 05:00:00','2024-12-02 12:30:14.383747','2024-12-02 12:30:14.383754',89);
INSERT INTO ventas_ventas VALUES(280,3.0,350.0,320.0,90.0,'2024-11-29 05:00:00','2024-12-02 12:30:14.384818','2024-12-02 12:30:14.384824',6);
INSERT INTO ventas_ventas VALUES(281,9.0,40.0,35.0,45.0,'2024-11-29 05:00:00','2024-12-02 12:30:14.385851','2024-12-02 12:30:14.385859',7);
INSERT INTO ventas_ventas VALUES(282,5.0,40.0,30.0,50.0,'2024-11-29 05:00:00','2024-12-02 12:30:14.387066','2024-12-02 12:30:14.387073',148);
INSERT INTO ventas_ventas VALUES(283,49.0,60.0,48.0,588.0,'2024-11-29 05:00:00','2024-12-02 12:30:14.389062','2024-12-02 12:30:14.389070',8);
INSERT INTO ventas_ventas VALUES(284,17.0,50.0,40.0,170.0,'2024-11-29 05:00:00','2024-12-02 12:30:14.395960','2024-12-02 12:30:14.395967',9);
INSERT INTO ventas_ventas VALUES(285,18.73000000000000042,650.0,0.0100000000000000002,12174.3127000000004,'2024-11-29 05:00:00','2024-12-02 12:30:14.396840','2024-12-02 12:30:14.396847',10);
INSERT INTO ventas_ventas VALUES(286,28.0,200.0,175.0,700.0,'2024-11-29 05:00:00','2024-12-02 12:30:14.397680','2024-12-02 12:30:14.397686',16);
INSERT INTO ventas_ventas VALUES(287,137.0,200.0,155.0,6165.0,'2024-11-29 05:00:00','2024-12-02 12:30:14.398537','2024-12-02 12:30:14.398543',17);
INSERT INTO ventas_ventas VALUES(288,49.0,30.0,26.0,196.0,'2024-11-29 05:00:00','2024-12-02 12:30:14.402069','2024-12-02 12:30:14.402076',94);
INSERT INTO ventas_ventas VALUES(289,1.5,0.0100000000000000002,1300.0,-1949.985000000000127,'2024-11-29 05:00:00','2024-12-02 12:30:14.403083','2024-12-02 12:30:14.403089',95);
INSERT INTO ventas_ventas VALUES(290,10.0,352.0,250.0,1020.0,'2024-11-29 05:00:00','2024-12-02 12:30:14.404054','2024-12-02 12:30:14.404061',149);
INSERT INTO ventas_ventas VALUES(291,22.0,150.0,130.0,440.0,'2024-11-29 05:00:00','2024-12-02 12:30:14.404998','2024-12-02 12:30:14.405004',19);
INSERT INTO ventas_ventas VALUES(292,1.0,0.0100000000000000002,970.0,-969.990000000000009,'2024-11-29 05:00:00','2024-12-02 12:30:14.405906','2024-12-02 12:30:14.405911',20);
INSERT INTO ventas_ventas VALUES(293,3.0,0.0100000000000000002,6.799999999999999823,-20.37000000000000099,'2024-11-29 05:00:00','2024-12-02 12:30:14.406752','2024-12-02 12:30:14.406758',21);
INSERT INTO ventas_ventas VALUES(294,3.0,1800.0,1500.0,900.0,'2024-11-29 05:00:00','2024-12-02 12:30:14.407759','2024-12-02 12:30:14.407766',96);
INSERT INTO ventas_ventas VALUES(295,3.0,2000.0,1800.0,600.0,'2024-11-29 05:00:00','2024-12-02 12:30:14.408672','2024-12-02 12:30:14.408678',150);
INSERT INTO ventas_ventas VALUES(296,9.0,0.0100000000000000002,82.62999999999999546,-743.5799999999999272,'2024-11-29 05:00:00','2024-12-02 12:30:14.409581','2024-12-02 12:30:14.409587',22);
INSERT INTO ventas_ventas VALUES(297,600.0,0.0100000000000000002,1.0,-594.0,'2024-11-29 05:00:00','2024-12-02 12:30:14.410447','2024-12-02 12:30:14.410452',23);
INSERT INTO ventas_ventas VALUES(298,6.0,0.0100000000000000002,55.39999999999999858,-332.3400000000000319,'2024-11-29 05:00:00','2024-12-02 12:30:14.411438','2024-12-02 12:30:14.411446',24);
INSERT INTO ventas_ventas VALUES(299,0.08000000000000000166,0.0100000000000000002,2400.0,-191.9991999999999735,'2024-11-29 05:00:00','2024-12-02 12:30:14.412384','2024-12-02 12:30:14.412390',98);
INSERT INTO ventas_ventas VALUES(300,80.0,0.0100000000000000002,23.53999999999999915,-1882.399999999999863,'2024-11-29 05:00:00','2024-12-02 12:30:14.413299','2024-12-02 12:30:14.413305',25);
INSERT INTO ventas_ventas VALUES(301,182.0,0.0100000000000000002,23.60000000000000142,-4293.380000000000109,'2024-11-29 05:00:00','2024-12-02 12:30:14.414174','2024-12-02 12:30:14.414180',26);
INSERT INTO ventas_ventas VALUES(302,200.0,0.0100000000000000002,13.40000000000000035,-2678.0,'2024-11-29 05:00:00','2024-12-02 12:30:14.415192','2024-12-02 12:30:14.415197',99);
INSERT INTO ventas_ventas VALUES(303,100.0,0.0100000000000000002,23.60000000000000142,-2359.0,'2024-11-29 05:00:00','2024-12-02 12:30:14.416159','2024-12-02 12:30:14.416166',27);
INSERT INTO ventas_ventas VALUES(304,6.0,0.0100000000000000002,23.60000000000000142,-141.5399999999999921,'2024-11-29 05:00:00','2024-12-02 12:30:14.417173','2024-12-02 12:30:14.417179',28);
INSERT INTO ventas_ventas VALUES(305,11.0,50.0,45.0,55.0,'2024-11-29 05:00:00','2024-12-02 12:30:14.418256','2024-12-02 12:30:14.418262',29);
INSERT INTO ventas_ventas VALUES(306,1.0,600.0,410.0,190.0,'2024-11-29 05:00:00','2024-12-02 12:30:14.419547','2024-12-02 12:30:14.419552',151);
INSERT INTO ventas_ventas VALUES(307,36.0,0.1000000000000000055,60.0,-2156.40000000000009,'2024-11-29 05:00:00','2024-12-02 12:30:14.420422','2024-12-02 12:30:14.420428',30);
INSERT INTO ventas_ventas VALUES(308,90.0,0.0100000000000000002,70.0,-6299.099999999999454,'2024-11-29 05:00:00','2024-12-02 12:30:14.421345','2024-12-02 12:30:14.421351',152);
INSERT INTO ventas_ventas VALUES(309,19.0,800.0,680.0,2280.0,'2024-11-29 05:00:00','2024-12-02 12:30:14.422356','2024-12-02 12:30:14.422363',31);
INSERT INTO ventas_ventas VALUES(310,10.0,0.0100000000000000002,300.0,-2999.90000000000009,'2024-11-29 05:00:00','2024-12-02 12:30:14.423396','2024-12-02 12:30:14.423401',32);
INSERT INTO ventas_ventas VALUES(311,5.0,320.0,300.0,100.0,'2024-11-29 05:00:00','2024-12-02 12:30:14.424609','2024-12-02 12:30:14.424615',33);
INSERT INTO ventas_ventas VALUES(312,132.0,350.0,0.0100000000000000002,46198.68000000000029,'2024-11-29 05:00:00','2024-12-02 12:30:14.425783','2024-12-02 12:30:14.425789',36);
INSERT INTO ventas_ventas VALUES(313,40.0,0.0100000000000000002,2.0,-79.59999999999999431,'2024-11-29 05:00:00','2024-12-02 12:30:14.427522','2024-12-02 12:30:14.427529',38);
INSERT INTO ventas_ventas VALUES(314,185.0,10.0,5.0,925.0,'2024-11-29 05:00:00','2024-12-02 12:30:14.429167','2024-12-02 12:30:14.429173',39);
INSERT INTO ventas_ventas VALUES(315,5.0,180.0,135.0,225.0,'2024-11-29 05:00:00','2024-12-02 12:30:14.430082','2024-12-02 12:30:14.430087',40);
INSERT INTO ventas_ventas VALUES(316,60.0,220.0,175.5,2670.0,'2024-11-29 05:00:00','2024-12-02 12:30:14.431007','2024-12-02 12:30:14.431013',41);
INSERT INTO ventas_ventas VALUES(317,5.0,200.0,180.0,100.0,'2024-11-29 05:00:00','2024-12-02 12:30:14.431925','2024-12-02 12:30:14.431931',42);
INSERT INTO ventas_ventas VALUES(318,24.0,600.0,580.0,480.0,'2024-11-29 05:00:00','2024-12-02 12:30:14.432879','2024-12-02 12:30:14.432885',43);
INSERT INTO ventas_ventas VALUES(319,517.0,0.0100000000000000002,117.4800000000000039,-60731.98999999999797,'2024-11-29 05:00:00','2024-12-02 12:30:14.433757','2024-12-02 12:30:14.433763',44);
INSERT INTO ventas_ventas VALUES(320,2.0,0.0100000000000000002,800.0,-1599.980000000000018,'2024-11-29 05:00:00','2024-12-02 12:30:14.434557','2024-12-02 12:30:14.434563',45);
INSERT INTO ventas_ventas VALUES(321,9.0,0.0100000000000000002,2460.159999999999855,-22141.34999999999854,'2024-11-29 05:00:00','2024-12-02 12:30:14.435390','2024-12-02 12:30:14.435396',100);
INSERT INTO ventas_ventas VALUES(322,18.0,350.0,332.8000000000000113,309.5999999999997953,'2024-11-29 05:00:00','2024-12-02 12:30:14.436558','2024-12-02 12:30:14.436564',153);
INSERT INTO ventas_ventas VALUES(323,6.0,1500.0,1007.0,2958.0,'2024-11-29 05:00:00','2024-12-02 12:30:14.437536','2024-12-02 12:30:14.437542',154);
INSERT INTO ventas_ventas VALUES(324,32.0,0.0100000000000000002,659.0,-21087.68000000000029,'2024-11-29 05:00:00','2024-12-02 12:30:14.438572','2024-12-02 12:30:14.438578',46);
INSERT INTO ventas_ventas VALUES(325,21.0,100.0,70.0,630.0,'2024-11-29 05:00:00','2024-12-02 12:30:14.439493','2024-12-02 12:30:14.439499',47);
INSERT INTO ventas_ventas VALUES(326,8.0,200.0,180.0,160.0,'2024-11-29 05:00:00','2024-12-02 12:30:14.440685','2024-12-02 12:30:14.440691',48);
INSERT INTO ventas_ventas VALUES(327,456.0,100.0,0.0100000000000000002,45595.43999999999505,'2024-11-29 05:00:00','2024-12-02 12:30:14.441673','2024-12-02 12:30:14.441680',50);
INSERT INTO ventas_ventas VALUES(328,600.0,0.0100000000000000002,1.0,-594.0,'2024-11-29 05:00:00','2024-12-02 12:30:14.442841','2024-12-02 12:30:14.442847',101);
INSERT INTO ventas_ventas VALUES(329,11.0,220.0,175.5,489.5,'2024-11-29 05:00:00','2024-12-02 12:30:14.443687','2024-12-02 12:30:14.443693',52);
INSERT INTO ventas_ventas VALUES(330,1.0,1100.0,853.2000000000000454,246.7999999999999545,'2024-11-29 05:00:00','2024-12-02 12:30:14.444477','2024-12-02 12:30:14.444483',155);
INSERT INTO ventas_ventas VALUES(331,242.0,0.0100000000000000002,110.5,-26738.57999999999811,'2024-11-29 05:00:00','2024-12-02 12:30:14.445251','2024-12-02 12:30:14.445257',53);
INSERT INTO ventas_ventas VALUES(332,120.0,0.0100000000000000002,0.0100000000000000002,0.0,'2024-11-29 05:00:00','2024-12-02 12:30:14.446028','2024-12-02 12:30:14.446034',156);
INSERT INTO ventas_ventas VALUES(333,200.0,0.0100000000000000002,50.0,-9998.0,'2024-11-29 05:00:00','2024-12-02 12:30:14.446803','2024-12-02 12:30:14.446809',102);
INSERT INTO ventas_ventas VALUES(334,7.0,0.0100000000000000002,58.0,-405.9300000000000068,'2024-11-29 05:00:00','2024-12-02 12:30:14.447593','2024-12-02 12:30:14.447599',103);
INSERT INTO ventas_ventas VALUES(335,72.0,600.0,400.0,14400.0,'2024-11-29 05:00:00','2024-12-02 12:30:14.448401','2024-12-02 12:30:14.448406',54);
INSERT INTO ventas_ventas VALUES(336,10.0,250.0,220.0,300.0,'2024-11-29 05:00:00','2024-12-02 12:30:14.449252','2024-12-02 12:30:14.449258',105);
INSERT INTO ventas_ventas VALUES(337,13.0,600.0,0.0100000000000000002,7799.869999999999891,'2024-11-29 05:00:00','2024-12-02 12:30:14.450122','2024-12-02 12:30:14.450128',106);
INSERT INTO ventas_ventas VALUES(338,0.4000000000000000222,0.0100000000000000002,45.0,-17.99600000000000222,'2024-11-29 05:00:00','2024-12-02 12:30:14.451008','2024-12-02 12:30:14.451014',63);
INSERT INTO ventas_ventas VALUES(339,354.0,150.0,87.0,22302.0,'2024-11-29 05:00:00','2024-12-02 12:30:14.451806','2024-12-02 12:30:14.451812',64);
INSERT INTO ventas_ventas VALUES(340,36.0,80.0,70.0,360.0,'2024-11-29 05:00:00','2024-12-02 12:30:14.452591','2024-12-02 12:30:14.452596',157);
INSERT INTO ventas_ventas VALUES(341,2.0,0.0100000000000000002,48.0,-95.9800000000000039,'2024-11-29 05:00:00','2024-12-02 12:30:14.453406','2024-12-02 12:30:14.453412',65);
INSERT INTO ventas_ventas VALUES(342,2.0,0.0100000000000000002,266.6700000000000159,-533.32000000000005,'2024-11-29 05:00:00','2024-12-02 12:30:14.454607','2024-12-02 12:30:14.454613',66);
INSERT INTO ventas_ventas VALUES(343,18.0,400.0,350.0,900.0,'2024-11-29 05:00:00','2024-12-02 12:30:14.455777','2024-12-02 12:30:14.455783',67);
INSERT INTO ventas_ventas VALUES(344,3.0,60.0,31.0799999999999983,86.76000000000000511,'2024-11-29 05:00:00','2024-12-02 12:30:14.456914','2024-12-02 12:30:14.456920',108);
INSERT INTO ventas_ventas VALUES(345,23.0,300.0,250.0,1150.0,'2024-11-29 05:00:00','2024-12-02 12:30:14.457748','2024-12-02 12:30:14.457754',158);
INSERT INTO ventas_ventas VALUES(346,25.0,400.0,350.0,1250.0,'2024-11-29 05:00:00','2024-12-02 12:30:14.458544','2024-12-02 12:30:14.458550',68);
INSERT INTO ventas_ventas VALUES(347,1.0,160.0,150.0,10.0,'2024-11-29 05:00:00','2024-12-02 12:30:14.459358','2024-12-02 12:30:14.459365',71);
INSERT INTO ventas_ventas VALUES(348,12.0,180.0,150.0,360.0,'2024-11-29 05:00:00','2024-12-02 12:30:14.460788','2024-12-02 12:30:14.460794',72);
INSERT INTO ventas_ventas VALUES(349,9.0,180.0,150.0,270.0,'2024-11-29 05:00:00','2024-12-02 12:30:14.462113','2024-12-02 12:30:14.462119',73);
INSERT INTO ventas_ventas VALUES(350,18.0,180.0,150.0,540.0,'2024-11-29 05:00:00','2024-12-02 12:30:14.462931','2024-12-02 12:30:14.462937',74);
INSERT INTO ventas_ventas VALUES(351,14.0,160.0,140.0,280.0,'2024-11-29 05:00:00','2024-12-02 12:30:14.463764','2024-12-02 12:30:14.463770',75);
INSERT INTO ventas_ventas VALUES(352,20.0,160.0,140.0,400.0,'2024-11-29 05:00:00','2024-12-02 12:30:14.464728','2024-12-02 12:30:14.464734',76);
INSERT INTO ventas_ventas VALUES(353,10.0,160.0,150.0,100.0,'2024-11-29 05:00:00','2024-12-02 12:30:14.465625','2024-12-02 12:30:14.465632',77);
INSERT INTO ventas_ventas VALUES(354,1.0,0.0100000000000000002,3000.0,-2999.989999999999782,'2024-11-29 05:00:00','2024-12-02 12:30:14.466528','2024-12-02 12:30:14.466535',110);
INSERT INTO ventas_ventas VALUES(355,11.0,600.0,500.0,1100.0,'2024-11-29 05:00:00','2024-12-02 12:30:14.467405','2024-12-02 12:30:14.467412',79);
INSERT INTO ventas_ventas VALUES(356,0.2000000000000000111,0.0100000000000000002,811.25,-162.2480000000000189,'2024-11-29 05:00:00','2024-12-02 12:30:14.469136','2024-12-02 12:30:14.469144',111);
INSERT INTO ventas_ventas VALUES(357,60.0,400.0,0.0100000000000000002,23999.40000000000145,'2024-11-29 05:00:00','2024-12-02 12:30:14.470096','2024-12-02 12:30:14.470103',83);
INSERT INTO ventas_ventas VALUES(358,80.0,450.0,0.0100000000000000002,35999.19999999999708,'2024-11-29 05:00:00','2024-12-02 12:30:14.471032','2024-12-02 12:30:14.471038',85);
INSERT INTO ventas_ventas VALUES(359,12.0,60.0,50.0,120.0,'2024-11-29 05:00:00','2024-12-02 12:30:14.472012','2024-12-02 12:30:14.472018',87);
INSERT INTO ventas_ventas VALUES(360,0.3099999999999999978,500.0,500.0,0.0,'2024-07-25 04:00:00','2024-12-02 13:09:33.272472','2024-12-02 13:09:33.272479',2);
INSERT INTO ventas_ventas VALUES(361,32.60999999999999944,290.0,290.0,0.0,'2024-07-25 04:00:00','2024-12-02 13:09:33.274591','2024-12-02 13:09:33.274598',89);
INSERT INTO ventas_ventas VALUES(362,2.399999999999999912,1300.0,1300.0,0.0,'2024-07-25 04:00:00','2024-12-02 13:09:33.275740','2024-12-02 13:09:33.275747',95);
INSERT INTO ventas_ventas VALUES(363,1.5,6.799999999999999823,6.799999999999999823,0.0,'2024-07-25 04:00:00','2024-12-02 13:09:33.276785','2024-12-02 13:09:33.276791',21);
INSERT INTO ventas_ventas VALUES(364,400.0,1.0,1.0,0.0,'2024-07-25 04:00:00','2024-12-02 13:09:33.278058','2024-12-02 13:09:33.278066',23);
INSERT INTO ventas_ventas VALUES(365,2.0,54.28000000000000113,54.28000000000000113,0.0,'2024-07-25 04:00:00','2024-12-02 13:09:33.279139','2024-12-02 13:09:33.279145',24);
INSERT INTO ventas_ventas VALUES(366,3.0,54.28000000000000113,54.28000000000000113,0.0,'2024-07-25 04:00:00','2024-12-02 13:09:33.280209','2024-12-02 13:09:33.280215',24);
INSERT INTO ventas_ventas VALUES(367,0.1759999999999999898,2400.0,2400.0,0.0,'2024-07-25 04:00:00','2024-12-02 13:09:33.281215','2024-12-02 13:09:33.281221',98);
INSERT INTO ventas_ventas VALUES(368,320.0,2.189999999999999947,2.189999999999999947,0.0,'2024-07-25 04:00:00','2024-12-02 13:09:33.282195','2024-12-02 13:09:33.282201',99);
INSERT INTO ventas_ventas VALUES(369,5.0,8.650000000000000355,8.650000000000000355,0.0,'2024-07-25 04:00:00','2024-12-02 13:09:33.283120','2024-12-02 13:09:33.283126',28);
INSERT INTO ventas_ventas VALUES(370,208.0,11.17999999999999972,11.17999999999999972,0.0,'2024-07-25 04:00:00','2024-12-02 13:09:33.284079','2024-12-02 13:09:33.284085',26);
INSERT INTO ventas_ventas VALUES(371,133.0,11.17999999999999972,11.17999999999999972,0.0,'2024-07-25 04:00:00','2024-12-02 13:09:33.285023','2024-12-02 13:09:33.285029',27);
INSERT INTO ventas_ventas VALUES(372,60.0,350.0,290.0,3600.0,'2024-07-25 04:00:00','2024-12-02 13:09:33.286016','2024-12-02 13:09:33.286022',159);
INSERT INTO ventas_ventas VALUES(373,36.0,700.0,575.8400000000000318,4469.7599999999984,'2024-07-25 04:00:00','2024-12-02 13:09:33.287012','2024-12-02 13:09:33.287018',147);
INSERT INTO ventas_ventas VALUES(374,40.0,2.0,2.0,0.0,'2024-07-25 04:00:00','2024-12-02 13:09:33.288019','2024-12-02 13:09:33.288026',38);
INSERT INTO ventas_ventas VALUES(375,218.0,111.6099999999999995,110.8499999999999944,165.6800000000011153,'2024-07-25 04:00:00','2024-12-02 13:09:33.289087','2024-12-02 13:09:33.289093',44);
INSERT INTO ventas_ventas VALUES(376,223.0,110.8499999999999944,110.8499999999999944,0.0,'2024-07-25 04:00:00','2024-12-02 13:09:33.290365','2024-12-02 13:09:33.290372',44);
INSERT INTO ventas_ventas VALUES(377,1.0,500.0,500.0,0.0,'2024-07-25 04:00:00','2024-12-02 13:09:33.291752','2024-12-02 13:09:33.291758',45);
INSERT INTO ventas_ventas VALUES(378,6.0,1836.0,1836.0,0.0,'2024-07-25 04:00:00','2024-12-02 13:09:33.292988','2024-12-02 13:09:33.292995',160);
INSERT INTO ventas_ventas VALUES(379,10.0,664.0,713.0,-490.0,'2024-07-25 04:00:00','2024-12-02 13:09:33.294139','2024-12-02 13:09:33.294147',46);
INSERT INTO ventas_ventas VALUES(380,10.0,713.0,713.0,0.0,'2024-07-25 04:00:00','2024-12-02 13:09:33.295356','2024-12-02 13:09:33.295362',46);
INSERT INTO ventas_ventas VALUES(381,3.0,13000.0,12125.0,2625.0,'2024-07-25 04:00:00','2024-12-02 13:09:33.296615','2024-12-02 13:09:33.296622',161);
INSERT INTO ventas_ventas VALUES(382,341.0,110.4300000000000069,110.4300000000000069,0.0,'2024-07-25 04:00:00','2024-12-02 13:09:33.297743','2024-12-02 13:09:33.297750',53);
INSERT INTO ventas_ventas VALUES(383,320.0,50.0,50.0,0.0,'2024-07-25 04:00:00','2024-12-02 13:09:33.298760','2024-12-02 13:09:33.298767',102);
INSERT INTO ventas_ventas VALUES(384,0.2999999999999999889,45.0,45.0,0.0,'2024-07-25 04:00:00','2024-12-02 13:09:33.299745','2024-12-02 13:09:33.299751',63);
INSERT INTO ventas_ventas VALUES(385,2.0,48.0,48.0,0.0,'2024-07-25 04:00:00','2024-12-02 13:09:33.300925','2024-12-02 13:09:33.300931',65);
INSERT INTO ventas_ventas VALUES(386,80.0,80.0,80.0,0.0,'2024-07-25 04:00:00','2024-12-02 13:09:33.302209','2024-12-02 13:09:33.302218',162);
INSERT INTO ventas_ventas VALUES(387,42.0,400.0,350.2900000000000204,2087.819999999999254,'2024-07-25 04:00:00','2024-12-02 13:09:33.303467','2024-12-02 13:09:33.303474',83);
INSERT INTO ventas_ventas VALUES(388,0.3099999999999999978,500.0,500.0,0.0,'2024-07-15 04:00:00','2024-12-17 12:53:24.469306','2024-12-17 12:53:24.469316',2);
INSERT INTO ventas_ventas VALUES(389,32.60999999999999944,290.0,290.0,0.0,'2024-07-15 04:00:00','2024-12-17 12:53:24.471140','2024-12-17 12:53:24.471147',89);
INSERT INTO ventas_ventas VALUES(390,2.399999999999999912,1300.0,1300.0,0.0,'2024-07-15 04:00:00','2024-12-17 12:53:24.472221','2024-12-17 12:53:24.472229',95);
INSERT INTO ventas_ventas VALUES(391,1.5,6.799999999999999823,6.799999999999999823,0.0,'2024-07-15 04:00:00','2024-12-17 12:53:24.473271','2024-12-17 12:53:24.473279',21);
INSERT INTO ventas_ventas VALUES(392,400.0,1.0,1.0,0.0,'2024-07-15 04:00:00','2024-12-17 12:53:24.474295','2024-12-17 12:53:24.474302',23);
INSERT INTO ventas_ventas VALUES(393,2.0,54.28000000000000113,54.28000000000000113,0.0,'2024-07-15 04:00:00','2024-12-17 12:53:24.475256','2024-12-17 12:53:24.475262',24);
INSERT INTO ventas_ventas VALUES(394,3.0,54.28000000000000113,54.28000000000000113,0.0,'2024-07-15 04:00:00','2024-12-17 12:53:24.476246','2024-12-17 12:53:24.476252',24);
INSERT INTO ventas_ventas VALUES(395,0.1759999999999999898,2400.0,2400.0,0.0,'2024-07-15 04:00:00','2024-12-17 12:53:24.477280','2024-12-17 12:53:24.477287',98);
INSERT INTO ventas_ventas VALUES(396,320.0,2.189999999999999947,2.189999999999999947,0.0,'2024-07-15 04:00:00','2024-12-17 12:53:24.478280','2024-12-17 12:53:24.478286',99);
INSERT INTO ventas_ventas VALUES(397,5.0,8.650000000000000355,8.650000000000000355,0.0,'2024-07-15 04:00:00','2024-12-17 12:53:24.479308','2024-12-17 12:53:24.479314',28);
INSERT INTO ventas_ventas VALUES(398,208.0,11.17999999999999972,11.17999999999999972,0.0,'2024-07-15 04:00:00','2024-12-17 12:53:24.480268','2024-12-17 12:53:24.480274',26);
INSERT INTO ventas_ventas VALUES(399,133.0,11.17999999999999972,11.17999999999999972,0.0,'2024-07-15 04:00:00','2024-12-17 12:53:24.481418','2024-12-17 12:53:24.481424',27);
INSERT INTO ventas_ventas VALUES(400,60.0,350.0,290.0,3600.0,'2024-07-15 04:00:00','2024-12-17 12:53:24.482613','2024-12-17 12:53:24.482620',159);
INSERT INTO ventas_ventas VALUES(401,36.0,700.0,575.8400000000000318,4469.7599999999984,'2024-07-15 04:00:00','2024-12-17 12:53:24.483577','2024-12-17 12:53:24.483583',147);
INSERT INTO ventas_ventas VALUES(402,40.0,2.0,2.0,0.0,'2024-07-15 04:00:00','2024-12-17 12:53:24.484564','2024-12-17 12:53:24.484571',38);
INSERT INTO ventas_ventas VALUES(403,218.0,111.6099999999999995,110.8499999999999944,165.6800000000011153,'2024-07-15 04:00:00','2024-12-17 12:53:24.485483','2024-12-17 12:53:24.485489',44);
INSERT INTO ventas_ventas VALUES(404,223.0,110.8499999999999944,110.8499999999999944,0.0,'2024-07-15 04:00:00','2024-12-17 12:53:24.486388','2024-12-17 12:53:24.486394',44);
INSERT INTO ventas_ventas VALUES(405,1.0,500.0,500.0,0.0,'2024-07-15 04:00:00','2024-12-17 12:53:24.487285','2024-12-17 12:53:24.487290',45);
INSERT INTO ventas_ventas VALUES(406,6.0,1836.0,1836.0,0.0,'2024-07-15 04:00:00','2024-12-17 12:53:24.488170','2024-12-17 12:53:24.488176',160);
INSERT INTO ventas_ventas VALUES(407,10.0,664.0,713.0,-490.0,'2024-07-15 04:00:00','2024-12-17 12:53:24.489911','2024-12-17 12:53:24.489917',46);
INSERT INTO ventas_ventas VALUES(408,10.0,713.0,713.0,0.0,'2024-07-15 04:00:00','2024-12-17 12:53:24.490875','2024-12-17 12:53:24.490881',46);
INSERT INTO ventas_ventas VALUES(409,3.0,13000.0,12125.0,2625.0,'2024-07-15 04:00:00','2024-12-17 12:53:24.491784','2024-12-17 12:53:24.491790',161);
INSERT INTO ventas_ventas VALUES(410,341.0,110.4300000000000069,110.4300000000000069,0.0,'2024-07-15 04:00:00','2024-12-17 12:53:24.492773','2024-12-17 12:53:24.492779',53);
INSERT INTO ventas_ventas VALUES(411,320.0,50.0,50.0,0.0,'2024-07-15 04:00:00','2024-12-17 12:53:24.493654','2024-12-17 12:53:24.493659',102);
INSERT INTO ventas_ventas VALUES(412,0.2999999999999999889,45.0,45.0,0.0,'2024-07-15 04:00:00','2024-12-17 12:53:24.494666','2024-12-17 12:53:24.494672',63);
INSERT INTO ventas_ventas VALUES(413,2.0,48.0,48.0,0.0,'2024-07-15 04:00:00','2024-12-17 12:53:24.495523','2024-12-17 12:53:24.495529',65);
INSERT INTO ventas_ventas VALUES(414,80.0,80.0,80.0,0.0,'2024-07-15 04:00:00','2024-12-17 12:53:24.496523','2024-12-17 12:53:24.496529',162);
INSERT INTO ventas_ventas VALUES(415,42.0,400.0,350.2900000000000204,2087.819999999999254,'2024-07-15 04:00:00','2024-12-17 12:53:24.497440','2024-12-17 12:53:24.497446',83);
INSERT INTO ventas_ventas VALUES(416,5.0,990.0,0.0,4950.0,'2025-01-01 05:00:00','2025-01-12 18:47:11.724969','2025-01-12 18:47:11.724979',163);
INSERT INTO ventas_ventas VALUES(417,16.30000000000000071,0.0100000000000000002,294.4200000000000159,-4798.883000000000721,'2025-01-01 05:00:00','2025-01-12 18:47:11.726379','2025-01-12 18:47:11.726387',89);
INSERT INTO ventas_ventas VALUES(418,66.0,200.0,155.0,2970.0,'2025-01-01 05:00:00','2025-01-12 18:47:11.727404','2025-01-12 18:47:11.727412',164);
INSERT INTO ventas_ventas VALUES(419,31.0,250.0,200.0,1550.0,'2025-01-01 05:00:00','2025-01-12 18:47:11.728472','2025-01-12 18:47:11.728481',165);
INSERT INTO ventas_ventas VALUES(420,3.0,1600.0,1100.0,1500.0,'2025-01-01 05:00:00','2025-01-12 18:47:11.729664','2025-01-12 18:47:11.729672',166);
INSERT INTO ventas_ventas VALUES(421,5.0,30.0,26.0,20.0,'2025-01-01 05:00:00','2025-01-12 18:47:11.731320','2025-01-12 18:47:11.731328',167);
INSERT INTO ventas_ventas VALUES(422,11.0,60.0,50.0,110.0,'2025-01-01 05:00:00','2025-01-12 18:47:11.732514','2025-01-12 18:47:11.732522',168);
INSERT INTO ventas_ventas VALUES(423,1.5,0.0100000000000000002,1300.0,-1949.985000000000127,'2025-01-01 05:00:00','2025-01-12 18:47:11.733762','2025-01-12 18:47:11.733771',95);
INSERT INTO ventas_ventas VALUES(424,13.0,60.0,50.0,130.0,'2025-01-01 05:00:00','2025-01-12 18:47:11.735211','2025-01-12 18:47:11.735219',169);
INSERT INTO ventas_ventas VALUES(425,1.0,0.0100000000000000002,970.0,-969.990000000000009,'2025-01-01 05:00:00','2025-01-12 18:47:11.736710','2025-01-12 18:47:11.736718',20);
INSERT INTO ventas_ventas VALUES(426,4.0,0.0100000000000000002,6.799999999999999823,-27.16000000000000014,'2025-01-01 05:00:00','2025-01-12 18:47:11.737803','2025-01-12 18:47:11.737812',21);
INSERT INTO ventas_ventas VALUES(427,300.0,0.0100000000000000002,1.0,-297.0,'2025-01-01 05:00:00','2025-01-12 18:47:11.738814','2025-01-12 18:47:11.738821',23);
INSERT INTO ventas_ventas VALUES(428,4.0,180.0,170.0,40.0,'2025-01-01 05:00:00','2025-01-12 18:47:11.739735','2025-01-12 18:47:11.739742',170);
INSERT INTO ventas_ventas VALUES(429,5.0,200.0,180.0,100.0,'2025-01-01 05:00:00','2025-01-12 18:47:11.740698','2025-01-12 18:47:11.740705',171);
INSERT INTO ventas_ventas VALUES(430,20.0,0.0100000000000000002,55.39999999999999858,-1107.799999999999955,'2025-01-01 05:00:00','2025-01-12 18:47:11.741676','2025-01-12 18:47:11.741682',24);
INSERT INTO ventas_ventas VALUES(431,0.08000000000000000166,0.0100000000000000002,2400.0,-191.9991999999999735,'2025-01-01 05:00:00','2025-01-12 18:47:11.742570','2025-01-12 18:47:11.742577',98);
INSERT INTO ventas_ventas VALUES(432,20.0,0.0100000000000000002,23.60000000000000142,-471.8000000000000113,'2025-01-01 05:00:00','2025-01-12 18:47:11.743490','2025-01-12 18:47:11.743497',28);
INSERT INTO ventas_ventas VALUES(433,1.0,250.0,200.0,50.0,'2025-01-01 05:00:00','2025-01-12 18:47:11.744547','2025-01-12 18:47:11.744556',172);
INSERT INTO ventas_ventas VALUES(434,4.0,50.0,45.0,20.0,'2025-01-01 05:00:00','2025-01-12 18:47:11.745568','2025-01-12 18:47:11.745575',173);
INSERT INTO ventas_ventas VALUES(435,4.0,180.0,85.0,380.0,'2025-01-01 05:00:00','2025-01-12 18:47:11.746556','2025-01-12 18:47:11.746563',174);
INSERT INTO ventas_ventas VALUES(436,1.0,400.0,220.0,180.0,'2025-01-01 05:00:00','2025-01-12 18:47:11.747771','2025-01-12 18:47:11.747778',175);
INSERT INTO ventas_ventas VALUES(437,12.0,200.0,140.0,720.0,'2025-01-01 05:00:00','2025-01-12 18:47:11.749436','2025-01-12 18:47:11.749444',176);
INSERT INTO ventas_ventas VALUES(438,2.0,280.0,240.0,80.0,'2025-01-01 05:00:00','2025-01-12 18:47:11.750739','2025-01-12 18:47:11.750746',177);
INSERT INTO ventas_ventas VALUES(439,5.0,0.0100000000000000002,300.0,-1499.950000000000045,'2025-01-01 05:00:00','2025-01-12 18:47:11.751947','2025-01-12 18:47:11.751954',32);
INSERT INTO ventas_ventas VALUES(440,22.0,350.0,200.0,3300.0,'2025-01-01 05:00:00','2025-01-12 18:47:11.753726','2025-01-12 18:47:11.753733',178);
INSERT INTO ventas_ventas VALUES(441,20.0,0.0100000000000000002,2.0,-39.79999999999999715,'2025-01-01 05:00:00','2025-01-12 18:47:11.755041','2025-01-12 18:47:11.755048',38);
INSERT INTO ventas_ventas VALUES(442,1.0,10.0,5.0,5.0,'2025-01-01 05:00:00','2025-01-12 18:47:11.755986','2025-01-12 18:47:11.755993',179);
INSERT INTO ventas_ventas VALUES(443,2.0,200.0,180.0,40.0,'2025-01-01 05:00:00','2025-01-12 18:47:11.756929','2025-01-12 18:47:11.756936',180);
INSERT INTO ventas_ventas VALUES(444,187.0,0.0100000000000000002,119.1700000000000017,-22282.91999999999825,'2025-01-01 05:00:00','2025-01-12 18:47:11.757791','2025-01-12 18:47:11.757797',44);
INSERT INTO ventas_ventas VALUES(445,1.0,0.0100000000000000002,800.0,-799.990000000000009,'2025-01-01 05:00:00','2025-01-12 18:47:11.758677','2025-01-12 18:47:11.758684',45);
INSERT INTO ventas_ventas VALUES(446,4.0,0.0100000000000000002,2502.5,-10009.95999999999912,'2025-01-01 05:00:00','2025-01-12 18:47:11.759686','2025-01-12 18:47:11.759692',100);
INSERT INTO ventas_ventas VALUES(447,1.0,800.0,577.5,222.5,'2025-01-01 05:00:00','2025-01-12 18:47:11.760721','2025-01-12 18:47:11.760727',181);
INSERT INTO ventas_ventas VALUES(448,1.0,1500.0,1007.0,493.0,'2025-01-01 05:00:00','2025-01-12 18:47:11.762614','2025-01-12 18:47:11.762622',182);
INSERT INTO ventas_ventas VALUES(449,6.0,400.0,332.8000000000000113,403.1999999999999318,'2025-01-01 05:00:00','2025-01-12 18:47:11.764481','2025-01-12 18:47:11.764488',183);
INSERT INTO ventas_ventas VALUES(450,13.0,0.0100000000000000002,683.8700000000000045,-8890.180000000000291,'2025-01-01 05:00:00','2025-01-12 18:47:11.765549','2025-01-12 18:47:11.765557',46);
INSERT INTO ventas_ventas VALUES(451,1.0,300.0,0.0,300.0,'2025-01-01 05:00:00','2025-01-12 18:47:11.766473','2025-01-12 18:47:11.766479',184);
INSERT INTO ventas_ventas VALUES(452,17.0,70.0,55.0,255.0,'2025-01-01 05:00:00','2025-01-12 18:47:11.767437','2025-01-12 18:47:11.767443',185);
INSERT INTO ventas_ventas VALUES(453,75.0,100.0,42.36999999999999745,4322.25,'2025-01-01 05:00:00','2025-01-12 18:47:11.768351','2025-01-12 18:47:11.768357',186);
INSERT INTO ventas_ventas VALUES(454,600.0,0.0100000000000000002,1.0,-594.0,'2025-01-01 05:00:00','2025-01-12 18:47:11.769205','2025-01-12 18:47:11.769211',101);
INSERT INTO ventas_ventas VALUES(455,2.0,200.0,110.0,180.0,'2025-01-01 05:00:00','2025-01-12 18:47:11.770138','2025-01-12 18:47:11.770144',187);
INSERT INTO ventas_ventas VALUES(456,6.0,180.0,0.0,1080.0,'2025-01-01 05:00:00','2025-01-12 18:47:11.771027','2025-01-12 18:47:11.771033',188);
INSERT INTO ventas_ventas VALUES(457,3.0,600.0,520.0,240.0,'2025-01-01 05:00:00','2025-01-12 18:47:11.771861','2025-01-12 18:47:11.771867',189);
INSERT INTO ventas_ventas VALUES(458,16.0,200.0,170.0,480.0,'2025-01-01 05:00:00','2025-01-12 18:47:11.772719','2025-01-12 18:47:11.772724',190);
INSERT INTO ventas_ventas VALUES(459,2.0,280.0,240.0,80.0,'2025-01-01 05:00:00','2025-01-12 18:47:11.773560','2025-01-12 18:47:11.773567',191);
INSERT INTO ventas_ventas VALUES(460,2.0,1600.0,1000.0,1200.0,'2025-01-01 05:00:00','2025-01-12 18:47:11.774368','2025-01-12 18:47:11.774374',192);
INSERT INTO ventas_ventas VALUES(461,1.0,1000.0,2566.679999999999837,-1566.679999999999836,'2025-01-01 05:00:00','2025-01-12 18:47:11.775214','2025-01-12 18:47:11.775220',193);
INSERT INTO ventas_ventas VALUES(462,1.0,800.0,500.0,300.0,'2025-01-01 05:00:00','2025-01-12 18:47:11.776189','2025-01-12 18:47:11.776195',194);
INSERT INTO ventas_ventas VALUES(463,1.199999999999999956,0.0100000000000000002,45.0,-53.98799999999999955,'2025-01-01 05:00:00','2025-01-12 18:47:11.777127','2025-01-12 18:47:11.777135',63);
INSERT INTO ventas_ventas VALUES(464,3.0,200.0,87.0,339.0,'2025-01-01 05:00:00','2025-01-12 18:47:11.777986','2025-01-12 18:47:11.777992',195);
INSERT INTO ventas_ventas VALUES(465,6.0,60.0,50.0,60.0,'2025-01-01 05:00:00','2025-01-12 18:47:11.778790','2025-01-12 18:47:11.778796',196);
INSERT INTO ventas_ventas VALUES(466,1.0,0.0100000000000000002,48.0,-47.99000000000000198,'2025-01-01 05:00:00','2025-01-12 18:47:11.779659','2025-01-12 18:47:11.779665',65);
INSERT INTO ventas_ventas VALUES(467,1.0,0.0100000000000000002,266.6700000000000159,-266.660000000000025,'2025-01-01 05:00:00','2025-01-12 18:47:11.780492','2025-01-12 18:47:11.780498',66);
INSERT INTO ventas_ventas VALUES(468,1.0,1600.0,1000.0,600.0,'2025-01-01 05:00:00','2025-01-12 18:47:11.781344','2025-01-12 18:47:11.781349',197);
INSERT INTO ventas_ventas VALUES(469,1.0,0.0100000000000000002,3000.0,-2999.989999999999782,'2025-01-01 05:00:00','2025-01-12 18:47:11.782151','2025-01-12 18:47:11.782157',110);
INSERT INTO ventas_ventas VALUES(470,0.2000000000000000111,0.0100000000000000002,811.25,-162.2480000000000189,'2025-01-01 05:00:00','2025-01-12 18:47:11.782926','2025-01-12 18:47:11.782932',111);
INSERT INTO ventas_ventas VALUES(471,1.0,180.0,95.0,85.0,'2025-01-01 05:00:00','2025-01-12 18:47:11.783704','2025-01-12 18:47:11.783710',198);
CREATE TABLE IF NOT EXISTS "compras_almacen" ("id" integer NOT NULL PRIMARY KEY AUTOINCREMENT, "nombre" varchar(100) NOT NULL, "create_at" datetime NOT NULL, "update_at" datetime NOT NULL);
INSERT INTO compras_almacen VALUES(1,'Leche','2024-12-17 22:33:54.521606','2024-12-17 22:33:54.525405');
CREATE TABLE IF NOT EXISTS "compras_compra" ("id" integer NOT NULL PRIMARY KEY AUTOINCREMENT, "cantidad" integer NOT NULL, "fecha" date NOT NULL, "precio_compra" decimal NOT NULL, "producto_id" bigint NOT NULL REFERENCES "compras_producto" ("id") DEFERRABLE INITIALLY DEFERRED, "create_at" datetime NOT NULL, "update_at" datetime NOT NULL);
INSERT INTO compras_compra VALUES(2,27,'2024-11-24',65,2,'2024-12-18 02:10:12.286617','2024-12-18 20:10:55.457634');
INSERT INTO compras_compra VALUES(3,25,'2024-11-24',50,3,'2024-12-18 09:17:06.525515','2024-12-18 20:08:14.529676');
INSERT INTO compras_compra VALUES(4,3,'2024-11-24',70,4,'2024-12-18 09:18:05.616050','2024-12-18 20:09:44.583353');
INSERT INTO compras_compra VALUES(5,25,'2024-11-24',50,5,'2024-12-18 09:19:07.883977','2024-12-18 20:06:23.538496');
INSERT INTO compras_compra VALUES(6,74,'2024-11-24',70,6,'2024-12-18 09:20:04.875903','2024-12-18 20:09:59.973031');
INSERT INTO compras_compra VALUES(7,14,'2024-11-24',70,7,'2024-12-18 09:20:19.506295','2024-12-18 20:10:14.909736');
INSERT INTO compras_compra VALUES(9,22,'2024-11-24',65,9,'2024-12-18 09:20:55.315595','2024-12-18 20:29:04.313915');
INSERT INTO compras_compra VALUES(10,78,'2024-11-24',70,10,'2024-12-18 09:21:10.640904','2024-12-18 20:15:15.185821');
INSERT INTO compras_compra VALUES(11,60,'2024-11-24',70,11,'2024-12-18 09:21:23.755506','2024-12-19 10:57:23.866427');
INSERT INTO compras_compra VALUES(12,15,'2024-12-18',120,12,'2024-12-18 09:21:39.195091','2024-12-18 09:21:39.195108');
INSERT INTO compras_compra VALUES(13,11,'2024-12-18',120,13,'2024-12-18 09:21:56.509178','2024-12-18 09:21:56.509199');
INSERT INTO compras_compra VALUES(14,30,'2024-11-24',65,14,'2024-12-18 09:22:24.068127','2024-12-18 20:20:02.348008');
INSERT INTO compras_compra VALUES(15,8,'2024-11-24',65,16,'2024-12-18 09:22:43.700685','2024-12-18 20:14:08.192718');
INSERT INTO compras_compra VALUES(16,10,'2024-11-24',65,17,'2024-12-18 09:22:58.439550','2024-12-18 20:27:32.820509');
INSERT INTO compras_compra VALUES(17,15,'2024-11-24',65,18,'2024-12-18 09:23:11.542563','2024-12-18 20:28:31.411759');
INSERT INTO compras_compra VALUES(18,23,'2024-11-24',65,19,'2024-12-18 09:23:27.630802','2024-12-18 20:29:17.978127');
INSERT INTO compras_compra VALUES(19,6,'2024-11-24',65,20,'2024-12-18 09:24:04.153418','2024-12-18 20:29:31.545256');
INSERT INTO compras_compra VALUES(20,15,'2024-11-24',65,21,'2024-12-18 09:24:23.037311','2024-12-18 20:30:04.261549');
INSERT INTO compras_compra VALUES(21,5,'2024-11-24',65,22,'2024-12-18 09:24:38.433126','2024-12-18 20:30:48.443653');
INSERT INTO compras_compra VALUES(22,3,'2024-11-24',50,23,'2024-12-18 09:24:51.913550','2024-12-18 20:31:02.013859');
INSERT INTO compras_compra VALUES(23,70,'2024-11-24',70,24,'2024-12-18 09:25:05.952647','2024-12-18 20:14:30.819149');
INSERT INTO compras_compra VALUES(24,10,'2024-11-24',65,26,'2024-12-18 09:25:22.416902','2024-12-18 20:11:27.034662');
INSERT INTO compras_compra VALUES(25,10,'2024-11-24',65,27,'2024-12-18 09:25:35.106303','2024-12-18 20:26:40.494248');
INSERT INTO compras_compra VALUES(26,0,'2024-11-24',65,29,'2024-12-18 09:25:51.787951','2024-12-18 20:25:17.517462');
INSERT INTO compras_compra VALUES(27,7,'2024-11-24',65,31,'2024-12-18 09:26:14.447891','2024-12-18 20:23:29.221996');
INSERT INTO compras_compra VALUES(28,20,'2024-12-18',120,33,'2024-12-18 09:26:28.213654','2024-12-18 09:26:28.213673');
INSERT INTO compras_compra VALUES(29,10,'2024-11-24',65,34,'2024-12-18 09:26:47.779652','2024-12-19 10:59:39.827141');
INSERT INTO compras_compra VALUES(30,6,'2024-11-24',50,8,'2024-12-18 12:56:57.601850','2024-12-18 20:10:30.105797');
INSERT INTO compras_compra VALUES(31,16,'2024-11-24',65,38,'2024-12-19 03:36:48.227836','2024-12-19 03:36:48.227863');
INSERT INTO compras_compra VALUES(32,19,'2024-11-24',65,44,'2024-12-19 03:47:13.910368','2024-12-19 11:00:45.639312');
INSERT INTO compras_compra VALUES(33,21,'2024-11-25',50,5,'2024-12-22 13:42:55.352790','2024-12-22 13:42:55.352844');
INSERT INTO compras_compra VALUES(34,24,'2024-11-25',50,3,'2024-12-22 13:43:23.562386','2024-12-22 13:43:23.562434');
INSERT INTO compras_compra VALUES(35,55,'2024-11-25',70,11,'2024-12-22 13:44:00.284711','2024-12-22 13:44:00.284750');
INSERT INTO compras_compra VALUES(36,69,'2024-11-25',70,6,'2024-12-22 13:44:54.140903','2024-12-22 13:44:54.140944');
INSERT INTO compras_compra VALUES(37,12,'2024-11-25',70,7,'2024-12-22 13:45:20.998206','2024-12-22 13:45:20.998244');
INSERT INTO compras_compra VALUES(38,6,'2024-11-25',50,8,'2024-12-22 13:45:45.623757','2024-12-22 13:45:45.623804');
INSERT INTO compras_compra VALUES(39,17,'2024-11-25',65,16,'2024-12-22 13:46:04.173523','2024-12-22 13:46:04.173560');
INSERT INTO compras_compra VALUES(40,35,'2024-11-25',65,2,'2024-12-22 13:46:22.175506','2024-12-22 13:46:22.175553');
INSERT INTO compras_compra VALUES(41,78,'2024-11-25',70,10,'2024-12-22 13:46:38.424474','2024-12-22 13:46:38.424579');
INSERT INTO compras_compra VALUES(42,10,'2024-11-25',65,40,'2024-12-22 13:47:11.125651','2024-12-22 13:47:11.125702');
INSERT INTO compras_compra VALUES(43,29,'2024-11-25',65,14,'2024-12-22 13:47:28.448926','2024-12-22 13:47:28.448950');
INSERT INTO compras_compra VALUES(44,5,'2024-11-25',65,17,'2024-12-22 13:47:43.247655','2024-12-22 13:47:43.247687');
INSERT INTO compras_compra VALUES(45,15,'2024-11-25',65,18,'2024-12-22 13:48:13.390166','2024-12-22 13:48:13.390231');
INSERT INTO compras_compra VALUES(46,22,'2024-11-25',65,9,'2024-12-22 13:48:45.232955','2024-12-22 13:48:45.232993');
INSERT INTO compras_compra VALUES(47,14,'2024-11-25',65,19,'2024-12-22 13:49:04.328878','2024-12-22 13:49:04.328903');
INSERT INTO compras_compra VALUES(48,6,'2024-11-25',65,20,'2024-12-22 13:49:22.008587','2024-12-22 13:49:22.008627');
INSERT INTO compras_compra VALUES(49,15,'2024-11-25',65,21,'2024-12-22 13:49:42.022023','2024-12-22 13:49:42.022066');
INSERT INTO compras_compra VALUES(50,5,'2024-11-25',65,27,'2024-12-22 13:50:00.455523','2024-12-22 13:50:00.455563');
INSERT INTO compras_compra VALUES(51,5,'2024-11-25',65,22,'2024-12-22 13:50:30.560876','2024-12-22 13:50:30.560902');
INSERT INTO compras_compra VALUES(52,3,'2024-11-25',50,23,'2024-12-22 13:50:51.704610','2024-12-22 13:50:51.704652');
INSERT INTO compras_compra VALUES(53,13,'2024-11-25',65,26,'2024-12-22 13:51:05.894327','2024-12-22 13:51:05.894373');
INSERT INTO compras_compra VALUES(54,11,'2024-11-25',65,29,'2024-12-22 13:51:30.479342','2024-12-22 13:51:30.479389');
INSERT INTO compras_compra VALUES(55,21,'2024-11-25',65,44,'2024-12-22 13:51:49.562616','2024-12-22 13:51:49.562653');
INSERT INTO compras_compra VALUES(56,10,'2024-11-25',65,34,'2024-12-22 13:52:08.262406','2024-12-22 13:52:08.262455');
INSERT INTO compras_compra VALUES(57,15,'2024-11-25',65,38,'2024-12-22 14:05:51.306793','2024-12-22 14:05:51.306823');
INSERT INTO compras_compra VALUES(58,22,'2024-11-26',50,5,'2024-12-22 14:55:46.628437','2024-12-22 14:55:46.628478');
INSERT INTO compras_compra VALUES(60,25,'2024-11-26',50,3,'2024-12-22 14:57:06.227552','2024-12-22 14:57:06.227576');
INSERT INTO compras_compra VALUES(61,1,'2024-11-26',70,4,'2024-12-22 14:59:19.768025','2024-12-22 14:59:19.768068');
INSERT INTO compras_compra VALUES(62,60,'2024-11-26',70,11,'2024-12-22 15:00:58.164653','2024-12-22 15:00:58.164713');
INSERT INTO compras_compra VALUES(63,75,'2024-11-26',70,6,'2024-12-22 15:03:46.098624','2024-12-22 15:03:46.098680');
INSERT INTO compras_compra VALUES(64,14,'2024-11-26',70,7,'2024-12-22 15:04:09.586546','2024-12-22 15:04:09.586584');
INSERT INTO compras_compra VALUES(65,6,'2024-11-26',50,8,'2024-12-22 15:04:37.522260','2024-12-22 15:04:37.522305');
INSERT INTO compras_compra VALUES(66,16,'2024-11-26',65,38,'2024-12-22 15:04:53.842974','2024-12-22 15:04:53.843000');
INSERT INTO compras_compra VALUES(67,35,'2024-11-26',65,2,'2024-12-22 15:05:08.285980','2024-12-22 15:05:08.286019');
INSERT INTO compras_compra VALUES(68,78,'2024-11-26',70,10,'2024-12-22 15:05:28.188161','2024-12-22 15:05:28.188201');
INSERT INTO compras_compra VALUES(69,16,'2024-11-26',65,40,'2024-12-22 15:05:40.962643','2024-12-22 15:05:40.962695');
INSERT INTO compras_compra VALUES(70,27,'2024-11-26',65,14,'2024-12-22 15:05:53.224038','2024-12-22 15:05:53.224056');
INSERT INTO compras_compra VALUES(71,15,'2024-11-26',65,18,'2024-12-22 15:06:17.652130','2024-12-22 15:06:17.652179');
INSERT INTO compras_compra VALUES(72,25,'2024-11-26',65,9,'2024-12-22 15:06:53.591236','2024-12-22 15:06:53.591265');
INSERT INTO compras_compra VALUES(73,15,'2024-11-26',65,19,'2024-12-22 15:07:06.032932','2024-12-22 15:07:06.032972');
INSERT INTO compras_compra VALUES(74,6,'2024-11-26',65,22,'2024-12-22 15:07:26.258892','2024-12-22 15:07:26.258915');
INSERT INTO compras_compra VALUES(75,16,'2024-11-26',65,21,'2024-12-22 15:07:53.738357','2024-12-22 15:07:53.738405');
INSERT INTO compras_compra VALUES(76,6,'2024-11-26',65,20,'2024-12-22 15:09:12.792941','2024-12-22 15:09:12.792992');
INSERT INTO compras_compra VALUES(77,3,'2024-11-26',50,23,'2024-12-22 15:09:28.986564','2024-12-22 15:09:28.986611');
INSERT INTO compras_compra VALUES(78,70,'2024-11-26',70,24,'2024-12-22 15:09:41.085366','2024-12-22 15:09:41.085424');
INSERT INTO compras_compra VALUES(79,13,'2024-11-26',65,29,'2024-12-22 15:09:55.273847','2024-12-22 15:09:55.273867');
INSERT INTO compras_compra VALUES(80,17,'2024-11-26',65,31,'2024-12-22 15:10:07.840800','2024-12-22 15:10:07.840838');
INSERT INTO compras_compra VALUES(81,19,'2024-11-26',65,44,'2024-12-22 15:10:22.716395','2024-12-22 15:10:22.716445');
INSERT INTO compras_compra VALUES(82,10,'2024-11-26',65,34,'2024-12-22 15:10:37.933209','2024-12-22 15:10:37.933264');
CREATE TABLE IF NOT EXISTS "compras_precioproducto" ("id" integer NOT NULL PRIMARY KEY AUTOINCREMENT, "precio" decimal NOT NULL, "fecha" date NOT NULL, "producto_id" bigint NOT NULL REFERENCES "compras_producto" ("id") DEFERRABLE INITIALLY DEFERRED, "create_at" datetime NOT NULL, "update_at" datetime NOT NULL);
INSERT INTO compras_precioproducto VALUES(2,5,'2024-12-17',2,'2024-12-18 01:50:33.781977','2024-12-18 02:05:36.336356');
CREATE TABLE IF NOT EXISTS "ventas_productos" ("id" integer NOT NULL PRIMARY KEY AUTOINCREMENT, "codigo" integer NOT NULL, "producto" varchar(200) NOT NULL, "create_at" datetime NOT NULL, "update_at" datetime NOT NULL, "id_departamento_id" bigint NOT NULL REFERENCES "ventas_departamentos" ("id") DEFERRABLE INITIALLY DEFERRED, "imagen" varchar(100) NULL);
INSERT INTO ventas_productos VALUES(1,371,'ACEITUNA VERDE SIN HUESO 4.38 USD','2024-12-02 12:26:35.115103','2024-12-02 12:26:35.115133',1,NULL);
INSERT INTO ventas_productos VALUES(2,15,'ACIDO CITRICO','2024-12-02 12:26:35.117275','2024-12-02 12:26:35.117292',2,NULL);
INSERT INTO ventas_productos VALUES(3,50,'AGUA 0.500LTS','2024-12-02 12:26:35.118537','2024-12-02 12:26:35.118552',1,NULL);
INSERT INTO ventas_productos VALUES(4,202,'AGUA 1.5 LTS','2024-12-02 12:26:35.119678','2024-12-02 12:26:35.119689',1,NULL);
INSERT INTO ventas_productos VALUES(5,551,'AZ⁄CAR REGALADA','2024-12-02 12:26:35.120698','2024-12-02 12:26:35.120711',3,NULL);
INSERT INTO ventas_productos VALUES(6,224,'BARRA GUAYABA','2024-12-02 12:26:35.121701','2024-12-02 12:26:35.121709',1,NULL);
INSERT INTO ventas_productos VALUES(7,220,'BOLIGRAFO TRANSPARENTE','2024-12-02 12:26:35.122828','2024-12-02 12:26:35.122836',1,NULL);
INSERT INTO ventas_productos VALUES(8,156,'BOMBOM','2024-12-02 12:26:35.123864','2024-12-02 12:26:35.123873',1,NULL);
INSERT INTO ventas_productos VALUES(9,239,'BONJOUR','2024-12-02 12:26:35.125104','2024-12-02 12:26:35.125113',1,NULL);
INSERT INTO ventas_productos VALUES(10,42,'CARNERO LIMPIO','2024-12-02 12:26:35.126528','2024-12-02 12:26:35.126537',1,NULL);
INSERT INTO ventas_productos VALUES(11,443,'CEPILLO Y PASTA','2024-12-02 12:26:35.127714','2024-12-02 12:26:35.127721',1,NULL);
INSERT INTO ventas_productos VALUES(12,348,'CERDO PANZA,CHICHARR”N PAQ 3 LBS','2024-12-02 12:26:35.129071','2024-12-02 12:26:35.129082',1,NULL);
INSERT INTO ventas_productos VALUES(13,377,'CERDO PICADILLO PAQ 3 LBS','2024-12-02 12:26:35.130289','2024-12-02 12:26:35.130296',4,NULL);
INSERT INTO ventas_productos VALUES(14,571,'CERDO PIE COMPRA - 571','2024-12-02 12:26:35.131302','2024-12-02 12:26:35.131310',1,NULL);
INSERT INTO ventas_productos VALUES(15,590,'CERDO PIE VENTA ','2024-12-02 12:26:35.132349','2024-12-02 12:26:35.132358',1,NULL);
INSERT INTO ventas_productos VALUES(16,494,'CERVEZA DE LIZANDRA','2024-12-02 12:26:35.133717','2024-12-02 12:26:35.133728',1,NULL);
INSERT INTO ventas_productos VALUES(17,561,'CERVEZA LIZANDRA','2024-12-02 12:26:35.134817','2024-12-02 12:26:35.134826',1,NULL);
INSERT INTO ventas_productos VALUES(18,44,'CHANCELER','2024-12-02 12:26:35.135883','2024-12-02 12:26:35.135893',1,NULL);
INSERT INTO ventas_productos VALUES(19,442,'CONO CHOCOLATE','2024-12-02 12:26:35.137183','2024-12-02 12:26:35.137191',1,NULL);
INSERT INTO ventas_productos VALUES(20,467,'CORRIENTE - 467','2024-12-02 12:26:35.138306','2024-12-02 12:26:35.138314',2,NULL);
INSERT INTO ventas_productos VALUES(21,78,'CUAJO LUNA','2024-12-02 12:26:35.139250','2024-12-02 12:26:35.139258',2,NULL);
INSERT INTO ventas_productos VALUES(22,117,'CULTIVO 2DO PASE','2024-12-02 12:26:35.140181','2024-12-02 12:26:35.140189',2,NULL);
INSERT INTO ventas_productos VALUES(23,94,'DETERGENTE','2024-12-02 12:26:35.141099','2024-12-02 12:26:35.141107',2,NULL);
INSERT INTO ventas_productos VALUES(24,92,'ENVASE REQUESON','2024-12-02 12:26:35.142016','2024-12-02 12:26:35.142024',2,NULL);
INSERT INTO ventas_productos VALUES(25,201,'ETIQUETA COCO - 201','2024-12-02 12:26:35.142937','2024-12-02 12:26:35.142946',2,NULL);
INSERT INTO ventas_productos VALUES(26,90,'ETIQUETA FRESA','2024-12-02 12:26:35.143849','2024-12-02 12:26:35.143857',2,NULL);
INSERT INTO ventas_productos VALUES(27,91,'ETIQUETA NATURAL - 91','2024-12-02 12:26:35.144747','2024-12-02 12:26:35.144755',2,NULL);
INSERT INTO ventas_productos VALUES(28,93,'ETIQUETA REQUESON - 93','2024-12-02 12:26:35.145666','2024-12-02 12:26:35.145674',2,NULL);
INSERT INTO ventas_productos VALUES(29,583,'FRESH FRESA 1.5LTS JES⁄S','2024-12-02 12:26:35.146568','2024-12-02 12:26:35.146575',1,NULL);
INSERT INTO ventas_productos VALUES(30,61,'FRUTTI COCO - 9','2024-12-02 12:26:35.147472','2024-12-02 12:26:35.147479',2,NULL);
INSERT INTO ventas_productos VALUES(31,495,'GALLETA 3 TACOS','2024-12-02 12:26:35.148374','2024-12-02 12:26:35.148382',1,NULL);
INSERT INTO ventas_productos VALUES(32,530,'GASOLINA - 530','2024-12-02 12:26:35.149274','2024-12-02 12:26:35.149282',2,NULL);
INSERT INTO ventas_productos VALUES(33,55,'GELATINA','2024-12-02 12:26:35.150178','2024-12-02 12:26:35.150186',1,NULL);
INSERT INTO ventas_productos VALUES(34,542,'HABANA CLUD RESERVA','2024-12-02 12:26:35.151120','2024-12-02 12:26:35.151127',1,NULL);
INSERT INTO ventas_productos VALUES(35,535,'HARINA PAQ 3LBS','2024-12-02 12:26:35.152001','2024-12-02 12:26:35.152008',1,NULL);
INSERT INTO ventas_productos VALUES(36,3,'HELADO 0.250 LTS','2024-12-02 12:26:35.152906','2024-12-02 12:26:35.152914',1,NULL);
INSERT INTO ventas_productos VALUES(37,574,'HELADO REGALADO','2024-12-02 12:26:35.153810','2024-12-02 12:26:35.153818',3,NULL);
INSERT INTO ventas_productos VALUES(38,95,'HOJAS BLANCAS - 95','2024-12-02 12:26:35.154724','2024-12-02 12:26:35.154732',2,NULL);
INSERT INTO ventas_productos VALUES(39,17,'JABAS DE NAILON','2024-12-02 12:26:35.155651','2024-12-02 12:26:35.155659',1,NULL);
INSERT INTO ventas_productos VALUES(40,235,'JAB”N BA—O 110g','2024-12-02 12:26:35.156550','2024-12-02 12:26:35.156557',1,NULL);
INSERT INTO ventas_productos VALUES(41,236,'JAB”N BA—O 150g','2024-12-02 12:26:35.157448','2024-12-02 12:26:35.157455',1,NULL);
INSERT INTO ventas_productos VALUES(42,226,'JUGO DE CAJITA 200 ML','2024-12-02 12:26:35.158348','2024-12-02 12:26:35.158356',1,NULL);
INSERT INTO ventas_productos VALUES(43,120,'LECHE CONDESADA','2024-12-02 12:26:35.159235','2024-12-02 12:26:35.159242',1,NULL);
INSERT INTO ventas_productos VALUES(44,76,'LECHE FRESCA - 76','2024-12-02 12:26:35.160160','2024-12-02 12:26:35.160167',2,NULL);
INSERT INTO ventas_productos VALUES(45,97,'LE—A - 97','2024-12-02 12:26:35.161050','2024-12-02 12:26:35.161058',2,NULL);
INSERT INTO ventas_productos VALUES(46,89,'MANO DE OBRA - 89','2024-12-02 12:26:35.161934','2024-12-02 12:26:35.161942',2,NULL);
INSERT INTO ventas_productos VALUES(47,126,'MENTA PLUS','2024-12-02 12:26:35.162808','2024-12-02 12:26:35.162816',1,NULL);
INSERT INTO ventas_productos VALUES(48,139,'MOSAIC COOKIES','2024-12-02 12:26:35.163649','2024-12-02 12:26:35.163656',1,NULL);
INSERT INTO ventas_productos VALUES(49,137,'NIKS BISCOCHO','2024-12-02 12:26:35.164525','2024-12-02 12:26:35.164533',1,NULL);
INSERT INTO ventas_productos VALUES(50,116,'PALETICA HELADO','2024-12-02 12:26:35.165386','2024-12-02 12:26:35.165393',1,NULL);
INSERT INTO ventas_productos VALUES(51,575,'PALETICAS REGALADAS','2024-12-02 12:26:35.166450','2024-12-02 12:26:35.166461',3,NULL);
INSERT INTO ventas_productos VALUES(52,582,'PAPEL H. SUAVE','2024-12-02 12:26:35.167493','2024-12-02 12:26:35.167503',1,NULL);
INSERT INTO ventas_productos VALUES(53,83,'POMOS 1 LTS YOGURT','2024-12-02 12:26:35.168432','2024-12-02 12:26:35.168440',2,NULL);
INSERT INTO ventas_productos VALUES(54,23,'PUR…','2024-12-02 12:26:35.169363','2024-12-02 12:26:35.169371',1,NULL);
INSERT INTO ventas_productos VALUES(55,572,'PUR… REGALADO','2024-12-02 12:26:35.170284','2024-12-02 12:26:35.170292',3,NULL);
INSERT INTO ventas_productos VALUES(56,57,'PUR… RIGORIFICO LT','2024-12-02 12:26:35.171212','2024-12-02 12:26:35.171230',5,NULL);
INSERT INTO ventas_productos VALUES(57,191,'QUESO COMPRA - 191','2024-12-02 12:26:35.172150','2024-12-02 12:26:35.172157',1,NULL);
INSERT INTO ventas_productos VALUES(58,553,'RES LIMPIA SIN HUESO','2024-12-02 12:26:35.173074','2024-12-02 12:26:35.173081',1,NULL);
INSERT INTO ventas_productos VALUES(59,588,'RES LIMPIO SIN HUESO ','2024-12-02 12:26:35.174001','2024-12-02 12:26:35.174008',1,NULL);
INSERT INTO ventas_productos VALUES(60,463,'RES PAQ 5 LBS TRABAJADORES','2024-12-02 12:26:35.174931','2024-12-02 12:26:35.174939',6,NULL);
INSERT INTO ventas_productos VALUES(61,591,'RES PICADILLO PAQ 3 LBS','2024-12-02 12:26:35.175870','2024-12-02 12:26:35.175879',6,NULL);
INSERT INTO ventas_productos VALUES(62,589,'RES PICADILLO PAQ 5 LBS','2024-12-02 12:26:35.176790','2024-12-02 12:26:35.176798',3,NULL);
INSERT INTO ventas_productos VALUES(63,82,'SAL COM⁄N','2024-12-02 12:26:35.177717','2024-12-02 12:26:35.177725',2,NULL);
INSERT INTO ventas_productos VALUES(64,257,'SAL COM⁄N PAQ 1 KG SAL RACIEL','2024-12-02 12:26:35.178634','2024-12-02 12:26:35.178641',1,NULL);
INSERT INTO ventas_productos VALUES(65,96,'SERVICIO ALQUILER  LOCAL 96','2024-12-02 12:26:35.179512','2024-12-02 12:26:35.179519',2,NULL);
INSERT INTO ventas_productos VALUES(66,504,'SERVICIOS JURÕDICOS - 504','2024-12-02 12:26:35.180379','2024-12-02 12:26:35.180387',2,NULL);
INSERT INTO ventas_productos VALUES(67,177,'SILVER DRY','2024-12-02 12:26:35.181258','2024-12-02 12:26:35.181265',1,NULL);
INSERT INTO ventas_productos VALUES(68,11,'SPAGHETTI','2024-12-02 12:26:35.182132','2024-12-02 12:26:35.182140',1,NULL);
INSERT INTO ventas_productos VALUES(69,546,'SUISS ROLL','2024-12-02 12:26:35.183015','2024-12-02 12:26:35.183023',1,NULL);
INSERT INTO ventas_productos VALUES(70,562,'TKROM GAL”N 4 LTS','2024-12-02 12:26:35.183874','2024-12-02 12:26:35.183882',1,NULL);
INSERT INTO ventas_productos VALUES(71,536,'TODAY ALOHA','2024-12-02 12:26:35.184775','2024-12-02 12:26:35.184783',1,NULL);
INSERT INTO ventas_productos VALUES(72,449,'TODAY CHEESE CAKE','2024-12-02 12:26:35.185659','2024-12-02 12:26:35.185667',1,NULL);
INSERT INTO ventas_productos VALUES(73,450,'TODAY CHOCO AND CREAM','2024-12-02 12:26:35.186564','2024-12-02 12:26:35.186572',1,NULL);
INSERT INTO ventas_productos VALUES(74,108,'TODAY CLOUD','2024-12-02 12:26:35.187447','2024-12-02 12:26:35.187454',1,NULL);
INSERT INTO ventas_productos VALUES(75,216,'TODAY DONUT','2024-12-02 12:26:35.188341','2024-12-02 12:26:35.188349',1,NULL);
INSERT INTO ventas_productos VALUES(76,532,'TODAY HYPNOSE','2024-12-02 12:26:35.189209','2024-12-02 12:26:35.189217',1,NULL);
INSERT INTO ventas_productos VALUES(77,534,'TODAY RED VELVET','2024-12-02 12:26:35.190093','2024-12-02 12:26:35.190100',1,NULL);
INSERT INTO ventas_productos VALUES(78,190,'TROPI K‹HL PUNCH','2024-12-02 12:26:35.190969','2024-12-02 12:26:35.190977',1,NULL);
INSERT INTO ventas_productos VALUES(79,47,'TUALLITAS HUMEDAS GRANDE - 47','2024-12-02 12:26:35.191852','2024-12-02 12:26:35.191859',1,NULL);
INSERT INTO ventas_productos VALUES(80,368,'VINAGRE DE VINO BLANCO 2 LTS 3.70 USD','2024-12-02 12:26:35.192721','2024-12-02 12:26:35.192728',1,NULL);
INSERT INTO ventas_productos VALUES(81,366,'VINAGRE VINO TINTO 1.70 USD','2024-12-02 12:26:35.193624','2024-12-02 12:26:35.193631',1,NULL);
INSERT INTO ventas_productos VALUES(82,29,'YOGURT FRESA TL','2024-12-02 12:26:35.194527','2024-12-02 12:26:35.194535',5,NULL);
INSERT INTO ventas_productos VALUES(83,1,'YOGURT NATURAL','2024-12-02 12:26:35.195437','2024-12-02 12:26:35.195445',1,NULL);
INSERT INTO ventas_productos VALUES(84,30,'YOGURT NATURAL TL','2024-12-02 12:26:35.196342','2024-12-02 12:26:35.196350',5,NULL);
INSERT INTO ventas_productos VALUES(85,2,'YOGURT SABOR','2024-12-02 12:26:35.197197','2024-12-02 12:26:35.197204',1,NULL);
INSERT INTO ventas_productos VALUES(86,300,'ZELLE DAVIEL 310.00','2024-12-02 12:26:35.198049','2024-12-02 12:26:35.198057',7,NULL);
INSERT INTO ventas_productos VALUES(87,221,'ZUKÕN - 221','2024-12-02 12:26:35.198904','2024-12-02 12:26:35.198924',1,NULL);
INSERT INTO ventas_productos VALUES(88,230,'ZUKÕN - 230','2024-12-02 12:26:35.199769','2024-12-02 12:26:35.199776',2,NULL);
INSERT INTO ventas_productos VALUES(89,70,'AZ⁄CAR ','2024-12-02 12:29:22.869772','2024-12-02 12:29:22.869792',2,NULL);
INSERT INTO ventas_productos VALUES(90,528,'CARNERO EN PIE COMPRA','2024-12-02 12:29:22.872942','2024-12-02 12:29:22.872956',1,NULL);
INSERT INTO ventas_productos VALUES(91,594,'CERDO CABEZA ','2024-12-02 12:29:22.874463','2024-12-02 12:29:22.874472',1,NULL);
INSERT INTO ventas_productos VALUES(92,354,'CERDO LIMPIO','2024-12-02 12:29:22.875472','2024-12-02 12:29:22.875480',1,NULL);
INSERT INTO ventas_productos VALUES(93,595,'CERDO PATA ','2024-12-02 12:29:22.876467','2024-12-02 12:29:22.876476',1,NULL);
INSERT INTO ventas_productos VALUES(94,8,'CHICLE','2024-12-02 12:29:22.878445','2024-12-02 12:29:22.878455',1,NULL);
INSERT INTO ventas_productos VALUES(95,14,'CHOCOLATE','2024-12-02 12:29:22.879452','2024-12-02 12:29:22.879461',2,NULL);
INSERT INTO ventas_productos VALUES(96,440,'CULERO 20 U','2024-12-02 12:29:22.881536','2024-12-02 12:29:22.881545',1,NULL);
INSERT INTO ventas_productos VALUES(97,210,'DUO','2024-12-02 12:29:22.883258','2024-12-02 12:29:22.883267',1,NULL);
INSERT INTO ventas_productos VALUES(98,71,'ESTAVILIZANTE','2024-12-02 12:29:22.884936','2024-12-02 12:29:22.884945',2,NULL);
INSERT INTO ventas_productos VALUES(99,98,'ETIQUETA HELADO - 98','2024-12-02 12:29:22.886587','2024-12-02 12:29:22.886596',2,NULL);
INSERT INTO ventas_productos VALUES(100,68,'LPE CONAPLOLE','2024-12-02 12:29:22.893159','2024-12-02 12:29:22.893169',2,NULL);
INSERT INTO ventas_productos VALUES(101,88,'PALITOS PALETICA','2024-12-02 12:29:22.895402','2024-12-02 12:29:22.895411',2,NULL);
INSERT INTO ventas_productos VALUES(102,86,'POTE HELADO 0.250 ML   86','2024-12-02 12:29:22.896979','2024-12-02 12:29:22.896987',2,NULL);
INSERT INTO ventas_productos VALUES(103,81,'PULPA  DE MANGO','2024-12-02 12:29:22.897881','2024-12-02 12:29:22.897889',2,NULL);
INSERT INTO ventas_productos VALUES(104,33,'QUESO CRIOLLO','2024-12-02 12:29:22.899107','2024-12-02 12:29:22.899115',1,NULL);
INSERT INTO ventas_productos VALUES(105,24,'REFRESCO LATA','2024-12-02 12:29:22.900024','2024-12-02 12:29:22.900032',1,NULL);
INSERT INTO ventas_productos VALUES(106,28,'REQUES“N ','2024-12-02 12:29:22.901080','2024-12-02 12:29:22.901093',1,NULL);
INSERT INTO ventas_productos VALUES(107,593,'RICARDO SOLDADOR','2024-12-02 12:29:22.902278','2024-12-02 12:29:22.902289',7,NULL);
INSERT INTO ventas_productos VALUES(108,142,'SIROPE DE FRESA','2024-12-02 12:29:22.905333','2024-12-02 12:29:22.905345',1,NULL);
INSERT INTO ventas_productos VALUES(109,172,'SPIRIT','2024-12-02 12:29:22.906789','2024-12-02 12:29:22.906798',1,NULL);
INSERT INTO ventas_productos VALUES(110,189,'TRANSPORTACI”N  DISTRIBUCI”N - 189','2024-12-02 12:29:22.910371','2024-12-02 12:29:22.910380',2,NULL);
INSERT INTO ventas_productos VALUES(111,178,'VAINILLA LA BARCA','2024-12-02 12:29:22.912010','2024-12-02 12:29:22.912019',2,NULL);
INSERT INTO ventas_productos VALUES(112,426,'YENADERO POMO ACERO NIOKEL','2024-12-02 12:29:22.913267','2024-12-02 12:29:22.913275',8,NULL);
INSERT INTO ventas_productos VALUES(113,303,'ZELLE ALMAGUER','2024-12-02 12:29:22.914931','2024-12-02 12:29:22.914941',7,NULL);
INSERT INTO ventas_productos VALUES(114,480,'ZELLE ESPOZO MAIP⁄ YUNITO','2024-12-02 12:29:22.915901','2024-12-02 12:29:22.915910',7,NULL);
INSERT INTO ventas_productos VALUES(115,326,'ZELLE PUPI SUEGRO DALLIVITO','2024-12-02 12:29:22.916796','2024-12-02 12:29:22.916804',7,NULL);
INSERT INTO ventas_productos VALUES(116,462,'ZELLE REY','2024-12-02 12:29:22.917692','2024-12-02 12:29:22.917700',7,NULL);
INSERT INTO ventas_productos VALUES(117,324,'ZELLE YENDO ','2024-12-02 12:29:22.918627','2024-12-02 12:29:22.918635',7,NULL);
INSERT INTO ventas_productos VALUES(118,301,'ZELLE YURISNEL','2024-12-02 12:29:22.919525','2024-12-02 12:29:22.919532',7,NULL);
INSERT INTO ventas_productos VALUES(119,596,'CARNERO COSTILLA PAQ 3 LBS LUIS','2024-12-02 12:29:34.350886','2024-12-02 12:29:34.350921',4,NULL);
INSERT INTO ventas_productos VALUES(120,180,'CARNERO LIMPIO LUIS','2024-12-02 12:29:34.354139','2024-12-02 12:29:34.354164',4,NULL);
INSERT INTO ventas_productos VALUES(121,597,'CERDO CHICHARR”N PAQ 3 LBS LUIS','2024-12-02 12:29:34.356338','2024-12-02 12:29:34.356362',4,NULL);
INSERT INTO ventas_productos VALUES(122,598,'CERDO COSTILLA PAQ 3 LBS','2024-12-02 12:29:34.358641','2024-12-02 12:29:34.358659',4,NULL);
INSERT INTO ventas_productos VALUES(123,283,'HERMANO TEJAS','2024-12-02 12:29:34.361495','2024-12-02 12:29:34.361510',9,NULL);
INSERT INTO ventas_productos VALUES(124,193,'QUESO VENTA - 193','2024-12-02 12:29:34.364365','2024-12-02 12:29:34.364381',1,NULL);
INSERT INTO ventas_productos VALUES(125,517,'REQUES”N REGALADO','2024-12-02 12:29:34.366878','2024-12-02 12:29:34.366892',3,NULL);
INSERT INTO ventas_productos VALUES(126,466,'RES PICADILLO PAQ 3 LBS','2024-12-02 12:29:34.368337','2024-12-02 12:29:34.368351',4,NULL);
INSERT INTO ventas_productos VALUES(127,516,'YOGURT SABOR REGALADO','2024-12-02 12:29:34.370721','2024-12-02 12:29:34.370732',3,NULL);
INSERT INTO ventas_productos VALUES(128,181,'CERDO LIMPIO LUIS','2024-12-02 12:29:44.085536','2024-12-02 12:29:44.085587',4,NULL);
INSERT INTO ventas_productos VALUES(129,352,'CERDO PATA PAQ 3 LBS','2024-12-02 12:29:44.088278','2024-12-02 12:29:44.088299',1,NULL);
INSERT INTO ventas_productos VALUES(130,510,'QUESO REGALADO','2024-12-02 12:29:53.635456','2024-12-02 12:29:53.635524',3,NULL);
INSERT INTO ventas_productos VALUES(131,599,'SANDY KAMAZ PRESTADO','2024-12-02 12:29:53.639500','2024-12-02 12:29:53.639530',9,NULL);
INSERT INTO ventas_productos VALUES(132,603,'CERDO CHULETA PAQ 3LBS DAVIEL','2024-12-02 12:30:04.358706','2024-12-02 12:30:04.358734',10,NULL);
INSERT INTO ventas_productos VALUES(133,350,'CERDO CORAZ”N PAQ 3LBS','2024-12-02 12:30:04.360845','2024-12-02 12:30:04.360859',1,NULL);
INSERT INTO ventas_productos VALUES(134,602,'CERDO DAVIEL ','2024-12-02 12:30:04.362634','2024-12-02 12:30:04.362652',10,NULL);
INSERT INTO ventas_productos VALUES(135,252,'CERDO HIGADO PAQ 3 LBS','2024-12-02 12:30:04.364212','2024-12-02 12:30:04.364226',1,NULL);
INSERT INTO ventas_productos VALUES(136,349,'CERDO PICADILLO PAQUETE 3LBS','2024-12-02 12:30:04.366831','2024-12-02 12:30:04.366848',1,NULL);
INSERT INTO ventas_productos VALUES(137,613,'HUESO CERDO ','2024-12-02 12:30:04.374158','2024-12-02 12:30:04.374172',1,NULL);
INSERT INTO ventas_productos VALUES(138,609,'JAB”N CAJA 48 DAVIEL','2024-12-02 12:30:04.375780','2024-12-02 12:30:04.375792',10,NULL);
INSERT INTO ventas_productos VALUES(139,608,'PINTIRA VINIL DAVIEL','2024-12-02 12:30:04.378803','2024-12-02 12:30:04.378812',10,NULL);
INSERT INTO ventas_productos VALUES(140,604,'PUR… DAVIEL','2024-12-02 12:30:04.380737','2024-12-02 12:30:04.380746',10,NULL);
INSERT INTO ventas_productos VALUES(141,607,'QUESO CRIOLLO DAVIEL','2024-12-02 12:30:04.382459','2024-12-02 12:30:04.382467',10,NULL);
INSERT INTO ventas_productos VALUES(142,605,'RES LIMPIA DAVIEL','2024-12-02 12:30:04.383790','2024-12-02 12:30:04.383798',10,NULL);
INSERT INTO ventas_productos VALUES(143,525,'RES PICADILLO PAQ 3 LBS','2024-12-02 12:30:04.384726','2024-12-02 12:30:04.384734',1,NULL);
INSERT INTO ventas_productos VALUES(144,601,'YOGUR NATURAL ','2024-12-02 12:30:04.386972','2024-12-02 12:30:04.386980',10,NULL);
INSERT INTO ventas_productos VALUES(145,612,'YOGURT SABOR','2024-12-02 12:30:04.388580','2024-12-02 12:30:04.388588',10,NULL);
INSERT INTO ventas_productos VALUES(146,100,'ACEITE SELMA','2024-12-02 12:30:14.335894','2024-12-02 12:30:14.335931',1,NULL);
INSERT INTO ventas_productos VALUES(147,5,'ARROZ PAQUETE 1 KG','2024-12-02 12:30:14.339660','2024-12-02 12:30:14.339680',1,NULL);
INSERT INTO ventas_productos VALUES(148,225,'BOLSAS NAILON NEGRO','2024-12-02 12:30:14.342439','2024-12-02 12:30:14.342452',1,NULL);
INSERT INTO ventas_productos VALUES(149,615,'CODITO','2024-12-02 12:30:14.345953','2024-12-02 12:30:14.345963',1,NULL);
INSERT INTO ventas_productos VALUES(150,441,'CULERO 24 U','2024-12-02 12:30:14.348300','2024-12-02 12:30:14.348310',1,NULL);
INSERT INTO ventas_productos VALUES(151,453,'FRIJOL NEGRO PAQ 2 LBS','2024-12-02 12:30:14.352512','2024-12-02 12:30:14.352523',1,NULL);
INSERT INTO ventas_productos VALUES(152,62,'FRUTTI FRESA','2024-12-02 12:30:14.353852','2024-12-02 12:30:14.353861',2,NULL);
INSERT INTO ventas_productos VALUES(153,617,'LUNCH ONE ESPAN 200g','2024-12-02 12:30:14.359050','2024-12-02 12:30:14.359060',1,NULL);
INSERT INTO ventas_productos VALUES(154,616,'LUNCH ORE ESPAN 850g','2024-12-02 12:30:14.360179','2024-12-02 12:30:14.360187',1,NULL);
INSERT INTO ventas_productos VALUES(155,114,'PASTA DENTAL','2024-12-02 12:30:14.363404','2024-12-02 12:30:14.363416',1,NULL);
INSERT INTO ventas_productos VALUES(156,111,'POMOS TL ','2024-12-02 12:30:14.364865','2024-12-02 12:30:14.364874',2,NULL);
INSERT INTO ventas_productos VALUES(157,540,'SAZ”N GOYA ','2024-12-02 12:30:14.368144','2024-12-02 12:30:14.368154',1,NULL);
INSERT INTO ventas_productos VALUES(158,614,'SORBETO BANDACO','2024-12-02 12:30:14.370402','2024-12-02 12:30:14.370412',1,NULL);
INSERT INTO ventas_productos VALUES(159,4,'HELADO 0.250 LTS  ','2024-12-02 13:09:33.260219','2024-12-02 13:09:33.260232',11,NULL);
INSERT INTO ventas_productos VALUES(160,69,'LPE PURISIMA','2024-12-02 13:09:33.265070','2024-12-02 13:09:33.265084',2,NULL);
INSERT INTO ventas_productos VALUES(161,21,'POLLO 15 KG','2024-12-02 13:09:33.267555','2024-12-02 13:09:33.267567',12,NULL);
INSERT INTO ventas_productos VALUES(162,73,'Tropi Kühl Fresa','2024-12-02 13:09:33.270641','2024-12-02 13:09:33.270652',2,NULL);
INSERT INTO ventas_productos VALUES(163,683,'ACEITE 1000 ML','2025-01-12 18:20:29.976225','2025-01-12 18:20:29.976240',13,'ventas/defecto.jpg');
INSERT INTO ventas_productos VALUES(164,699,'CERVEZA','2025-01-12 18:20:29.979684','2025-01-12 18:20:29.979700',14,'ventas/defecto.jpg');
INSERT INTO ventas_productos VALUES(165,814,'CERVEZA ( 3 HORSES)','2025-01-12 18:20:29.981130','2025-01-12 18:20:29.981145',14,'ventas/defecto.jpg');
INSERT INTO ventas_productos VALUES(166,700,'CHANCELER','2025-01-12 18:20:29.982345','2025-01-12 18:20:29.982357',14,'ventas/defecto.jpg');
INSERT INTO ventas_productos VALUES(167,701,'CHICLE','2025-01-12 18:20:29.983818','2025-01-12 18:20:29.983834',14,'ventas/defecto.jpg');
INSERT INTO ventas_productos VALUES(168,18,'CHICLE MENTA','2025-01-12 18:20:29.985276','2025-01-12 18:20:29.985289',14,'ventas/defecto.jpg');
INSERT INTO ventas_productos VALUES(169,237,'CHUPA CHUPA','2025-01-12 18:20:29.986749','2025-01-12 18:20:29.986760',14,'ventas/defecto.jpg');
INSERT INTO ventas_productos VALUES(170,752,'DULCE BONDY CAKE','2025-01-12 18:20:29.988983','2025-01-12 18:20:29.988994',14,'ventas/defecto.jpg');
INSERT INTO ventas_productos VALUES(171,745,'EFSANE BISCOCHO','2025-01-12 18:20:29.991140','2025-01-12 18:20:29.991169',14,'ventas/defecto.jpg');
INSERT INTO ventas_productos VALUES(172,805,'FOSFORERA','2025-01-12 18:20:29.994389','2025-01-12 18:20:29.994404',14,'ventas/defecto.jpg');
INSERT INTO ventas_productos VALUES(173,724,'FRES FRESA 1.5 LTS JESÚS','2025-01-12 18:20:29.995776','2025-01-12 18:20:29.995787',14,'ventas/defecto.jpg');
INSERT INTO ventas_productos VALUES(174,741,'GALLETA CREMALI','2025-01-12 18:20:29.997011','2025-01-12 18:20:29.997025',14,'ventas/defecto.jpg');
INSERT INTO ventas_productos VALUES(175,742,'GALLETA MARIA CHIQUITA','2025-01-12 18:20:29.998158','2025-01-12 18:20:29.998168',14,'ventas/defecto.jpg');
INSERT INTO ventas_productos VALUES(176,740,'GALLETA PORCLEO','2025-01-12 18:20:29.999333','2025-01-12 18:20:29.999343',14,'ventas/defecto.jpg');
INSERT INTO ventas_productos VALUES(177,53,'GALLETA RENATA','2025-01-12 18:20:30.001785','2025-01-12 18:20:30.001795',14,'ventas/defecto.jpg');
INSERT INTO ventas_productos VALUES(178,716,'HELADO 0.250 LTS','2025-01-12 18:20:30.003522','2025-01-12 18:20:30.003534',14,'ventas/defecto.jpg');
INSERT INTO ventas_productos VALUES(179,717,'JABAS DE NAILON','2025-01-12 18:20:30.005038','2025-01-12 18:20:30.005050',14,'ventas/defecto.jpg');
INSERT INTO ventas_productos VALUES(180,720,'JUGO DE CAJITA 200 ML','2025-01-12 18:20:30.006103','2025-01-12 18:20:30.006112',14,'ventas/defecto.jpg');
INSERT INTO ventas_productos VALUES(181,728,'LUNCH ONE 340g ESPAN','2025-01-12 18:20:30.008122','2025-01-12 18:20:30.008132',14,'ventas/defecto.jpg');
INSERT INTO ventas_productos VALUES(182,727,'LUNCH ONE 850g  ESPAN','2025-01-12 18:20:30.009400','2025-01-12 18:20:30.009413',14,'ventas/defecto.jpg');
INSERT INTO ventas_productos VALUES(183,729,'LUNCH ONJE 200g ESPAN','2025-01-12 18:20:30.010578','2025-01-12 18:20:30.010589',14,'ventas/defecto.jpg');
INSERT INTO ventas_productos VALUES(184,798,'MANZANA','2025-01-12 18:20:30.012055','2025-01-12 18:20:30.012065',13,'ventas/defecto.jpg');
INSERT INTO ventas_productos VALUES(185,815,'MUUU ( MANTEQUILLA)','2025-01-12 18:20:30.013142','2025-01-12 18:20:30.013151',14,'ventas/defecto.jpg');
INSERT INTO ventas_productos VALUES(186,642,'PALETICA  HELADO','2025-01-12 18:20:30.014415','2025-01-12 18:20:30.014427',14,'ventas/defecto.jpg');
INSERT INTO ventas_productos VALUES(187,759,'PELLI CHECHOS','2025-01-12 18:20:30.016591','2025-01-12 18:20:30.016602',14,'ventas/defecto.jpg');
INSERT INTO ventas_productos VALUES(188,758,'PRIMUS','2025-01-12 18:20:30.017581','2025-01-12 18:20:30.017590',13,'ventas/defecto.jpg');
INSERT INTO ventas_productos VALUES(189,649,'PURÉ','2025-01-12 18:20:30.018548','2025-01-12 18:20:30.018558',14,'ventas/defecto.jpg');
INSERT INTO ventas_productos VALUES(190,756,'REFRESCO POMO','2025-01-12 18:20:30.019527','2025-01-12 18:20:30.019535',14,'ventas/defecto.jpg');
INSERT INTO ventas_productos VALUES(191,244,'RELLENITAS GRANDES','2025-01-12 18:20:30.020692','2025-01-12 18:20:30.020704',14,'ventas/defecto.jpg');
INSERT INTO ventas_productos VALUES(192,833,'RON / AGUARDIENTE / LEJENDARIO','2025-01-12 18:20:30.021811','2025-01-12 18:20:30.021822',14,'ventas/defecto.jpg');
INSERT INTO ventas_productos VALUES(193,834,'RON / BOCKA','2025-01-12 18:20:30.022825','2025-01-12 18:20:30.022834',2,'ventas/defecto.jpg');
INSERT INTO ventas_productos VALUES(194,379,'RON DON DIEGO LUIS','2025-01-12 18:20:30.023828','2025-01-12 18:20:30.023837',14,'ventas/defecto.jpg');
INSERT INTO ventas_productos VALUES(195,661,'SAL COMÚN PQT 1 KG ','2025-01-12 18:20:30.025350','2025-01-12 18:20:30.025361',14,'ventas/defecto.jpg');
INSERT INTO ventas_productos VALUES(196,34,'SAZÓN IBERÍA','2025-01-12 18:20:30.026395','2025-01-12 18:20:30.026405',14,'ventas/defecto.jpg');
INSERT INTO ventas_productos VALUES(197,811,'TEQUILA BLANCO','2025-01-12 18:20:30.028057','2025-01-12 18:20:30.028066',14,'ventas/defecto.jpg');
INSERT INTO ventas_productos VALUES(198,755,'WALLFER','2025-01-12 18:20:30.029679','2025-01-12 18:20:30.029688',14,'ventas/defecto.jpg');
CREATE TABLE IF NOT EXISTS "compras_unidadmedida" ("id" integer NOT NULL PRIMARY KEY AUTOINCREMENT, "nombre" varchar(100) NOT NULL, "sigla" varchar(100) NOT NULL, "create_at" datetime NOT NULL, "update_at" datetime NOT NULL);
INSERT INTO compras_unidadmedida VALUES(1,'Litro','l','2024-12-18 03:08:29.520699','2024-12-18 03:08:29.520725');
INSERT INTO compras_unidadmedida VALUES(2,'Metro','m','2024-12-18 03:09:03.178988','2024-12-18 03:09:03.179055');
INSERT INTO compras_unidadmedida VALUES(3,'Mililitro','ml','2024-12-18 03:09:13.246332','2024-12-18 03:33:04.807552');
INSERT INTO compras_unidadmedida VALUES(4,'Galón','gal','2024-12-18 03:09:26.667911','2024-12-18 03:09:26.667930');
INSERT INTO compras_unidadmedida VALUES(5,'Kilómetro','Km','2024-12-18 03:09:37.586859','2024-12-18 03:09:37.586888');
INSERT INTO compras_unidadmedida VALUES(6,'Centrímetro','cm','2024-12-18 03:09:48.853098','2024-12-18 03:09:48.853133');
INSERT INTO compras_unidadmedida VALUES(7,'Unidad','U','2024-12-18 03:24:41.042619','2024-12-18 03:24:41.042635');
INSERT INTO compras_unidadmedida VALUES(8,'Kilogramo','Kl','2024-12-18 03:25:07.520292','2024-12-18 03:25:07.520349');
INSERT INTO compras_unidadmedida VALUES(9,'Gramo','g','2024-12-18 03:25:13.090341','2024-12-18 03:25:56.225274');
INSERT INTO compras_unidadmedida VALUES(10,'Tonelada','t','2024-12-18 03:25:42.971346','2024-12-18 03:25:42.971382');
CREATE TABLE IF NOT EXISTS "compras_producto" ("id" integer NOT NULL PRIMARY KEY AUTOINCREMENT, "nombre" varchar(100) NOT NULL, "almacen_id" bigint NOT NULL REFERENCES "compras_almacen" ("id") DEFERRABLE INITIALLY DEFERRED, "create_at" datetime NOT NULL, "imagen" varchar(100) NULL, "update_at" datetime NOT NULL, "medida_id" bigint NOT NULL REFERENCES "compras_unidadmedida" ("id") DEFERRABLE INITIALLY DEFERRED);
INSERT INTO compras_producto VALUES(2,'Conejo',1,'2024-12-18 01:48:03.801866','/static/media/compras/defecto.jpg','2024-12-18 01:48:03.801892',1);
INSERT INTO compras_producto VALUES(3,'Alberto Reyes Orlis',1,'2024-12-18 08:49:03.055630','/static/media/compras/defecto.jpg','2024-12-18 19:25:09.722179',1);
INSERT INTO compras_producto VALUES(4,'Alberto Reyes Yusley',1,'2024-12-18 08:49:40.619385','/static/media/compras/defecto.jpg','2024-12-18 19:25:21.294805',1);
INSERT INTO compras_producto VALUES(5,'Alberto Reyes Aracelito',1,'2024-12-18 08:49:57.952798','/static/media/compras/defecto.jpg','2024-12-18 19:24:54.130299',1);
INSERT INTO compras_producto VALUES(6,'Alfonzo Soto',1,'2024-12-18 08:50:14.178896','/static/media/compras/defecto.jpg','2024-12-18 19:27:36.071318',1);
INSERT INTO compras_producto VALUES(7,'Aracelio Torre',1,'2024-12-18 08:50:25.660686','/static/media/compras/defecto.jpg','2024-12-18 19:32:15.114529',1);
INSERT INTO compras_producto VALUES(8,'Arecelio Torre Orlis',1,'2024-12-18 08:50:45.445026','/static/media/compras/defecto.jpg','2024-12-18 19:33:12.579467',1);
INSERT INTO compras_producto VALUES(9,'Rolando Ebanks',1,'2024-12-18 08:53:44.037968','/static/media/compras/defecto.jpg','2024-12-18 19:40:23.604354',1);
INSERT INTO compras_producto VALUES(10,'Javier Rives',1,'2024-12-18 08:53:55.097692','/static/media/compras/defecto.jpg','2024-12-18 08:53:55.097730',1);
INSERT INTO compras_producto VALUES(11,'Alejandro Zamora',1,'2024-12-18 08:54:12.500716','/static/media/compras/defecto.jpg','2024-12-19 03:32:35.044250',1);
INSERT INTO compras_producto VALUES(12,'Negro Libertad',1,'2024-12-18 08:54:24.173374','/static/media/compras/defecto.jpg','2024-12-18 08:54:24.173414',1);
INSERT INTO compras_producto VALUES(13,'Neir',1,'2024-12-18 08:54:33.616377','/static/media/compras/defecto.jpg','2024-12-18 08:54:33.616410',1);
INSERT INTO compras_producto VALUES(14,'Odelin Curba',1,'2024-12-18 08:54:43.985768','/static/media/compras/defecto.jpg','2024-12-18 19:35:51.313366',1);
INSERT INTO compras_producto VALUES(15,'Pichi',1,'2024-12-18 08:55:06.909587','/static/media/compras/defecto.jpg','2024-12-18 08:55:06.909638',1);
INSERT INTO compras_producto VALUES(16,'Hipolito Rives',1,'2024-12-18 08:55:15.721067','/static/media/compras/defecto.jpg','2024-12-18 19:54:42.954920',1);
INSERT INTO compras_producto VALUES(17,'Ramón Boxeo',1,'2024-12-18 08:55:29.638555','/static/media/compras/defecto.jpg','2024-12-18 08:55:29.638609',1);
INSERT INTO compras_producto VALUES(18,'Robertico Javier',1,'2024-12-18 08:55:41.035322','/static/media/compras/defecto.jpg','2024-12-18 08:55:41.035581',1);
INSERT INTO compras_producto VALUES(19,'Titin',1,'2024-12-18 08:55:52.833567','/static/media/compras/defecto.jpg','2024-12-18 09:23:48.773727',1);
INSERT INTO compras_producto VALUES(20,'William Sánchez',1,'2024-12-18 08:56:06.688455','/static/media/compras/defecto.jpg','2024-12-18 19:38:07.553884',1);
INSERT INTO compras_producto VALUES(21,'Yoel Ibañez',1,'2024-12-18 08:56:14.719086','/static/media/compras/defecto.jpg','2024-12-18 19:38:32.870190',1);
INSERT INTO compras_producto VALUES(22,'Yusley González',1,'2024-12-18 08:56:23.664477','/static/media/compras/defecto.jpg','2024-12-18 19:38:48.541064',1);
INSERT INTO compras_producto VALUES(23,'Yusley González Orlis',1,'2024-12-18 08:56:39.426095','/static/media/compras/defecto.jpg','2024-12-18 19:39:07.479619',1);
INSERT INTO compras_producto VALUES(24,'Ismaray',1,'2024-12-18 08:56:48.516736','/static/media/compras/defecto.jpg','2024-12-18 08:56:48.516792',1);
INSERT INTO compras_producto VALUES(25,'Pilingo',1,'2024-12-18 08:57:00.271227','/static/media/compras/defecto.jpg','2024-12-18 08:57:00.271270',1);
INSERT INTO compras_producto VALUES(26,'Edel',1,'2024-12-18 08:57:10.113182','/static/media/compras/defecto.jpg','2024-12-18 08:57:10.113219',1);
INSERT INTO compras_producto VALUES(27,'Osmani',1,'2024-12-18 08:57:20.252236','/static/media/compras/defecto.jpg','2024-12-18 08:57:20.252274',1);
INSERT INTO compras_producto VALUES(28,'Odelín',1,'2024-12-18 08:57:28.555041','/static/media/compras/defecto.jpg','2024-12-18 08:57:28.556481',1);
INSERT INTO compras_producto VALUES(29,'Odelín Libertad',1,'2024-12-18 08:57:42.085554','/static/media/compras/defecto.jpg','2024-12-18 19:36:16.770050',1);
INSERT INTO compras_producto VALUES(30,'Onofre',1,'2024-12-18 08:57:56.303404','/static/media/compras/defecto.jpg','2024-12-18 08:57:56.303439',1);
INSERT INTO compras_producto VALUES(31,'Justico',1,'2024-12-18 08:58:08.093234','/static/media/compras/defecto.jpg','2024-12-18 08:58:08.093276',1);
INSERT INTO compras_producto VALUES(32,'Ixan',1,'2024-12-18 08:58:15.259484','/static/media/compras/defecto.jpg','2024-12-18 08:58:15.259548',1);
INSERT INTO compras_producto VALUES(33,'Roberto',1,'2024-12-18 08:58:25.781561','/static/media/compras/defecto.jpg','2024-12-18 08:58:25.781594',1);
INSERT INTO compras_producto VALUES(34,'Mayo',1,'2024-12-18 08:58:33.200389','/static/media/compras/defecto.jpg','2024-12-18 08:58:33.200434',1);
INSERT INTO compras_producto VALUES(35,'Libertad',1,'2024-12-18 08:58:41.933835','/static/media/compras/defecto.jpg','2024-12-18 19:34:25.666282',1);
INSERT INTO compras_producto VALUES(36,'Alberto Reyes',1,'2024-12-18 09:16:43.765155','/static/media/compras/defecto.jpg','2024-12-18 09:16:43.765186',1);
INSERT INTO compras_producto VALUES(38,'Dagoberto Ibañez',1,'2024-12-19 03:36:07.321897','/static/media/compras/defecto.jpg','2024-12-19 03:36:07.321952',1);
INSERT INTO compras_producto VALUES(39,'Modesto E Díaz',1,'2024-12-19 03:44:02.502702','/static/media/compras/defecto.jpg','2024-12-19 03:44:02.502777',1);
INSERT INTO compras_producto VALUES(40,'Nail',1,'2024-12-19 03:44:09.621476','/static/media/compras/defecto.jpg','2024-12-19 03:44:09.621530',1);
INSERT INTO compras_producto VALUES(41,'Ricardo Rivez',1,'2024-12-19 03:44:20.174807','/static/media/compras/defecto.jpg','2024-12-19 03:44:20.174865',1);
INSERT INTO compras_producto VALUES(42,'Yamil Ceiba',1,'2024-12-19 03:44:34.034677','/static/media/compras/defecto.jpg','2024-12-19 03:44:34.034733',1);
INSERT INTO compras_producto VALUES(43,'Yunior Pizzería',1,'2024-12-19 03:44:47.544141','/static/media/compras/defecto.jpg','2024-12-19 03:44:47.544201',1);
INSERT INTO compras_producto VALUES(44,'Roberto Libertad',1,'2024-12-19 03:45:26.305988','/static/media/compras/defecto.jpg','2024-12-19 03:45:26.306050',1);
INSERT INTO compras_producto VALUES(45,'Libertad',1,'2024-12-19 03:45:55.533433','/static/media/compras/defecto.jpg','2024-12-19 03:45:55.533487',1);
CREATE TABLE IF NOT EXISTS "nomina_departamentonom" ("id" integer NOT NULL PRIMARY KEY AUTOINCREMENT, "departamento" varchar(255) NOT NULL, "comentario" text NOT NULL, "activo" bool NOT NULL, "create_at" datetime NOT NULL, "update_at" datetime NOT NULL);
INSERT INTO nomina_departamentonom VALUES(1,'Queso','Elaboración de Queso',1,'2024-12-30 00:17:41.475049','2024-12-30 00:17:41.475083');
INSERT INTO nomina_departamentonom VALUES(2,'Yogurt','Elaboración de Yogurt',1,'2024-12-30 00:17:55.225966','2024-12-30 00:18:04.861230');
INSERT INTO nomina_departamentonom VALUES(3,'Almacén','Los diferentes almacenes',1,'2025-01-03 13:29:06.600425','2025-01-03 13:29:06.600638');
INSERT INTO nomina_departamentonom VALUES(4,'Oficina','Oficina',1,'2025-01-03 13:29:23.578332','2025-01-03 13:29:23.578392');
INSERT INTO nomina_departamentonom VALUES(5,'Helados y Paleticas','Donde se procesan las paleticas y los helados',1,'2025-01-03 13:29:58.061557','2025-01-03 13:29:58.061675');
INSERT INTO nomina_departamentonom VALUES(6,'Punto de Venta Di Muu','Punto de Venta de La Fe, al lado de la cueva de los monos',1,'2025-01-03 13:30:27.638977','2025-01-03 13:30:27.639059');
INSERT INTO nomina_departamentonom VALUES(7,'Punto de Venta La Parada','Al lado de la parada del Seminternado ''José Almuiña González'', en el Panel 1, La Fe.',1,'2025-01-03 13:31:17.816703','2025-01-03 13:31:17.816815');
INSERT INTO nomina_departamentonom VALUES(8,'Taller','Lugar donde se reparan los diferentes equipos de la MyPIME',1,'2025-01-03 13:33:40.375780','2025-01-03 13:33:40.375840');
INSERT INTO nomina_departamentonom VALUES(9,'Transporte','Realiza labores de traslado de mercancía',1,'2025-01-03 13:40:06.325086','2025-01-03 13:40:06.325136');
CREATE TABLE IF NOT EXISTS "nomina_cargo" ("id" integer NOT NULL PRIMARY KEY AUTOINCREMENT, "comentario" text NOT NULL, "activo" bool NOT NULL, "create_at" datetime NOT NULL, "update_at" datetime NOT NULL, "cargo" varchar(255) NOT NULL);
INSERT INTO nomina_cargo VALUES(2,'Tiene habilidades demostradas, tanto teóricas como prácticas en la elaboración de quesos..',1,'2025-01-01 02:57:23.485243','2025-01-01 14:29:38.378902','Maestra Quesera');
INSERT INTO nomina_cargo VALUES(3,'Conoce todos los procesos de la Planta, organiza el trabajo, lleva el registro de todos los materiales a insumos que se utilizan en los proceso, realiza nómina, cuadra los puntos de ventas',1,'2025-01-01 14:35:06.928372','2025-01-01 14:35:06.928540','Jefa de Planta');
INSERT INTO nomina_cargo VALUES(4,'Conoce a fondo los procesos, las normas de elaboración, prueba nuevas formulaciones',1,'2025-01-01 14:40:10.987990','2025-01-01 14:40:10.988067','Tecnólogo');
INSERT INTO nomina_cargo VALUES(5,replace(replace('- LLeva la contabilidad de la entidad en el Sistema Versat.\r\n- Está al tanto de los pagos a la ONAT en sus debidos términos de tiempo y montos.','\r',char(13)),'\n',char(10)),1,'2025-01-01 14:42:04.641557','2025-01-01 15:09:00.811782','Económico');
INSERT INTO nomina_cargo VALUES(6,replace(replace('- Vende productos en los Puntos de Ventas\r\n- Abre y cierra el Punto de Venta\r\n- Recepciona mercancías\r\n- Organiza, limpia, pone precios de los productos a vender.\r\n- LLeva el control de las ventas tanto en efectivo como en Transferencias.\r\n- Hace arqueo de caja.\r\n- Elabora el IPV.','\r',char(13)),'\n',char(10)),1,'2025-01-01 15:01:14.765868','2025-01-01 15:08:02.510796','Dependiente');
INSERT INTO nomina_cargo VALUES(7,replace(replace('- Conoce los procesos para elaborar queso.\r\n- Limpia y utiliza todos los materiales para su elaboración.\r\n- Etiqueta el producto final','\r',char(13)),'\n',char(10)),1,'2025-01-01 15:05:11.178391','2025-01-01 15:05:11.178514','Queso');
INSERT INTO nomina_cargo VALUES(8,replace(replace('- Conoce todos los procesos para elaborar el Yogurt.\r\n- Limpia y utiliza todos los materiales para su elaboración. - Etiqueta el producto final','\r',char(13)),'\n',char(10)),1,'2025-01-01 15:10:06.591525','2025-01-01 15:10:06.591687','Yogurt');
INSERT INTO nomina_cargo VALUES(9,'Opera el tractor',1,'2025-01-01 15:10:33.833719','2025-01-01 15:10:33.833775','Operador');
INSERT INTO nomina_cargo VALUES(10,'Hace una pila de cosas',1,'2025-01-01 15:11:22.994116','2025-01-01 15:11:22.994149','Utiliti');
INSERT INTO nomina_cargo VALUES(11,replace(replace('Maneja tanto el Willy, como la moto\r\n- Realiza encomiendas, traslado de mercancías, personal','\r',char(13)),'\n',char(10)),1,'2025-01-01 15:12:53.043004','2025-01-01 15:12:53.043059','Chofer');
INSERT INTO nomina_cargo VALUES(12,'Se dedica a traer leña',1,'2025-01-01 15:13:29.693649','2025-01-01 15:13:29.693702','Leña');
INSERT INTO nomina_cargo VALUES(13,'no se',1,'2025-01-01 15:17:32.900093','2025-01-01 15:17:32.900177','Punto');
INSERT INTO nomina_cargo VALUES(14,'Es el que tiene el Riquimbili',1,'2025-01-01 15:19:00.292954','2025-01-01 15:19:00.293045','Riquimbili');
INSERT INTO nomina_cargo VALUES(15,'tiene a su cargo el Kamas',1,'2025-01-01 15:22:09.583911','2025-01-01 15:22:09.583966','Kamas');
INSERT INTO nomina_cargo VALUES(16,'Traslada la leche al termo',0,'2025-01-01 15:23:47.612628','2025-01-01 15:24:49.280979','Acarreo');
INSERT INTO nomina_cargo VALUES(17,'Traslada la leche al termo',1,'2025-01-01 15:24:33.151394','2025-01-01 15:24:33.151431','Acarreo');
CREATE TABLE IF NOT EXISTS "nomina_trabajador" ("id" integer NOT NULL PRIMARY KEY AUTOINCREMENT, "nombre" varchar(255) NOT NULL, "activo" bool NOT NULL, "create_at" datetime NOT NULL, "update_at" datetime NOT NULL, "departamento_id" bigint NOT NULL REFERENCES "nomina_departamentonom" ("id") DEFERRABLE INITIALLY DEFERRED, "cargo_id" bigint NOT NULL REFERENCES "nomina_cargo" ("id") DEFERRABLE INITIALLY DEFERRED, "fecha" date NOT NULL);
INSERT INTO nomina_trabajador VALUES(1,'Yuri',1,'2025-01-01 16:07:12.603754','2025-01-01 16:07:12.603876',2,8,'2025-01-01');
INSERT INTO nomina_trabajador VALUES(2,'Marta Garía Cañete',1,'2025-01-03 13:34:47.538029','2025-01-03 13:34:47.538080',4,3,'2025-01-01');
INSERT INTO nomina_trabajador VALUES(3,'Juan Manuel García Cañete',1,'2025-01-03 13:35:27.330992','2025-01-03 13:35:27.331093',3,10,'2025-01-01');
INSERT INTO nomina_trabajador VALUES(4,'Arilín',1,'2025-01-03 13:35:54.867086','2025-01-03 13:35:54.867258',5,2,'2025-01-01');
INSERT INTO nomina_trabajador VALUES(5,'María Nicot',1,'2025-01-03 13:36:37.159507','2025-01-03 13:36:37.159555',6,6,'2025-01-01');
INSERT INTO nomina_trabajador VALUES(6,'Haila Piedra Cañete',1,'2025-01-03 13:37:00.532822','2025-01-04 00:03:54.251211',7,6,'2025-01-03');
INSERT INTO nomina_trabajador VALUES(7,'Calinga',1,'2025-01-03 13:40:26.878683','2025-01-03 13:40:26.878745',9,17,'2025-01-01');
INSERT INTO nomina_trabajador VALUES(8,'Ele',1,'2025-01-03 15:36:24.081207','2025-01-03 15:36:24.081274',4,5,'2024-09-24');
INSERT INTO nomina_trabajador VALUES(9,'Flaco',1,'2025-01-03 15:37:16.306869','2025-01-03 15:37:16.306898',9,9,'2024-09-24');
CREATE TABLE IF NOT EXISTS "nomina_nomina" ("id" integer NOT NULL PRIMARY KEY AUTOINCREMENT, "salario" real NOT NULL, "activo" bool NOT NULL, "create_at" datetime NOT NULL, "update_at" datetime NOT NULL, "trabajador_id" bigint NOT NULL REFERENCES "nomina_trabajador" ("id") DEFERRABLE INITIALLY DEFERRED, "fecha" date NOT NULL);
INSERT INTO nomina_nomina VALUES(1,600.0,1,'2025-01-01 19:04:02.546928','2025-01-03 15:35:32.846073',1,'2024-09-24');
INSERT INTO nomina_nomina VALUES(2,1350.0,1,'2025-01-03 13:37:46.840842','2025-01-03 15:34:54.126786',4,'2024-09-24');
INSERT INTO nomina_nomina VALUES(3,600.0,1,'2025-01-03 13:38:12.249850','2025-01-03 15:35:13.240389',6,'2024-09-24');
INSERT INTO nomina_nomina VALUES(4,1000.0,1,'2025-01-03 13:38:45.778334','2025-01-03 15:35:23.543550',5,'2024-09-24');
INSERT INTO nomina_nomina VALUES(5,600.0,1,'2025-01-03 13:40:41.163554','2025-01-03 15:35:03.713685',7,'2024-09-24');
INSERT INTO nomina_nomina VALUES(6,800.0,1,'2025-01-03 15:36:45.374644','2025-01-03 15:36:45.374678',8,'2024-09-24');
INSERT INTO nomina_nomina VALUES(7,600.0,1,'2025-01-03 15:37:41.932991','2025-01-03 15:37:41.933061',9,'2024-09-24');
INSERT INTO nomina_nomina VALUES(8,1350.0,1,'2025-01-03 15:38:40.956962','2025-01-03 15:38:40.957007',4,'2024-09-25');
INSERT INTO nomina_nomina VALUES(9,1000.0,1,'2025-01-03 15:39:57.349018','2025-01-03 15:39:57.349130',2,'2024-09-24');
INSERT INTO nomina_nomina VALUES(10,1000.0,1,'2025-01-03 15:54:05.026636','2025-01-03 15:54:05.026705',2,'2024-09-25');
INSERT INTO nomina_nomina VALUES(11,600.0,1,'2025-01-03 15:54:30.051333','2025-01-03 15:54:30.051393',6,'2024-09-25');
INSERT INTO nomina_nomina VALUES(12,1000.0,1,'2025-01-03 15:54:50.662708','2025-01-03 15:54:50.662746',5,'2024-09-25');
INSERT INTO nomina_nomina VALUES(13,1000.0,1,'2025-01-03 15:55:27.554912','2025-01-03 15:55:27.554962',2,'2024-09-26');
INSERT INTO nomina_nomina VALUES(14,1325.0,1,'2025-01-03 15:55:46.484922','2025-01-03 15:55:46.484968',4,'2024-09-26');
CREATE TABLE IF NOT EXISTS "punto_venta_almacen" ("id" integer NOT NULL PRIMARY KEY AUTOINCREMENT, "nombre" varchar(100) NOT NULL, "direccion" text NULL, "create_at" datetime NOT NULL, "update_at" datetime NOT NULL);
INSERT INTO punto_venta_almacen VALUES(1,'Combustibles','Almacén de combustibles','2025-01-07 12:31:23.898508','2025-01-07 12:31:23.898656');
INSERT INTO punto_venta_almacen VALUES(2,'Lácteos','Almacén de productos Lácteos','2025-01-08 06:22:04.516421','2025-01-08 06:22:04.516471');
INSERT INTO punto_venta_almacen VALUES(3,'La Parada','Almacén del Punto de Venta La Parada','2025-01-08 06:24:26.663983','2025-01-08 06:24:26.664032');
INSERT INTO punto_venta_almacen VALUES(4,'Di Muu','Almacén del Punto de Venta Di Muu','2025-01-08 06:25:03.588979','2025-01-08 06:25:03.589074');
CREATE TABLE IF NOT EXISTS "punto_venta_categoria" ("id" integer NOT NULL PRIMARY KEY AUTOINCREMENT, "nombre" varchar(100) NOT NULL, "create_at" datetime NOT NULL, "update_at" datetime NOT NULL);
INSERT INTO punto_venta_categoria VALUES(1,'Lácteos','2025-01-05 12:08:04.293199','2025-01-05 12:08:04.293304');
INSERT INTO punto_venta_categoria VALUES(2,'Bebidas','2025-01-05 12:10:47.377476','2025-01-05 12:10:47.377590');
INSERT INTO punto_venta_categoria VALUES(3,'Confituras','2025-01-05 12:10:54.739099','2025-01-05 12:10:54.739249');
INSERT INTO punto_venta_categoria VALUES(4,'Cárnicos','2025-01-05 12:11:24.554581','2025-01-05 12:11:24.554666');
INSERT INTO punto_venta_categoria VALUES(5,'Pastas','2025-01-05 12:11:43.038824','2025-01-05 12:11:43.038915');
INSERT INTO punto_venta_categoria VALUES(6,'Conservas','2025-01-05 12:12:04.543840','2025-01-05 12:12:04.543901');
CREATE TABLE IF NOT EXISTS "punto_venta_cliente" ("id" integer NOT NULL PRIMARY KEY AUTOINCREMENT, "nombre" varchar(255) NOT NULL, "descripcion" text NULL, "create_at" datetime NOT NULL, "update_at" datetime NOT NULL);
INSERT INTO punto_venta_cliente VALUES(1,'Población','Población que pasan al punto de venta a comprar','2025-01-05 18:05:00.251300','2025-01-05 18:05:00.251338');
CREATE TABLE IF NOT EXISTS "punto_venta_proveedor" ("id" integer NOT NULL PRIMARY KEY AUTOINCREMENT, "nombre" varchar(100) NOT NULL, "contacto" varchar(100) NOT NULL, "direccion" text NULL, "telefono" integer NULL, "correo" varchar(150) NULL, "create_at" datetime NOT NULL, "update_at" datetime NOT NULL);
INSERT INTO punto_venta_proveedor VALUES(1,'Kico','Kico el cojo','Virgen del Camino, San Miguel',54123456,'kico_elcojo@gmail.com','2025-01-05 11:57:26.072808','2025-01-05 11:57:26.073395');
INSERT INTO punto_venta_proveedor VALUES(2,'A & A Reyes','Alberto Reyes Nicot','Final de la Presa La Fe',59889677,'reyesnicotmanuel2@gmail.com','2025-01-05 12:20:35.100186','2025-01-05 12:20:35.100820');
CREATE TABLE IF NOT EXISTS "punto_venta_producto" ("id" integer NOT NULL PRIMARY KEY AUTOINCREMENT, "nombre" varchar(100) NOT NULL, "precio" decimal NOT NULL, "cantidad" integer unsigned NOT NULL CHECK ("cantidad" >= 0), "create_at" datetime NOT NULL, "update_at" datetime NOT NULL, "categoria_id" bigint NOT NULL REFERENCES "punto_venta_categoria" ("id") DEFERRABLE INITIALLY DEFERRED, "proveedor_id" bigint NOT NULL REFERENCES "punto_venta_proveedor" ("id") DEFERRABLE INITIALLY DEFERRED);
INSERT INTO punto_venta_producto VALUES(1,'Yogurt de Sabor',350,10,'2025-01-05 12:21:12.950432','2025-01-05 12:21:12.950484',1,2);
CREATE TABLE IF NOT EXISTS "punto_venta_puntodeventa" ("id" integer NOT NULL PRIMARY KEY AUTOINCREMENT, "nombre" varchar(100) NOT NULL, "direccion" text NULL, "create_at" datetime NOT NULL, "update_at" datetime NOT NULL);
INSERT INTO punto_venta_puntodeventa VALUES(1,'Di Muu','La Fe, al lado de:  "La cueva de los monos"','2025-01-05 12:47:34.408509','2025-01-05 12:47:34.408553');
INSERT INTO punto_venta_puntodeventa VALUES(2,'La Parada','Al lado de la parada del Seminternado "José Almuiña González"','2025-01-05 12:48:19.297753','2025-01-05 12:48:19.297876');
CREATE TABLE IF NOT EXISTS "punto_venta_envio" ("id" integer NOT NULL PRIMARY KEY AUTOINCREMENT, "cantidad" integer unsigned NOT NULL CHECK ("cantidad" >= 0), "fecha" datetime NOT NULL, "create_at" datetime NOT NULL, "update_at" datetime NOT NULL, "almacen_id" bigint NOT NULL REFERENCES "punto_venta_almacen" ("id") DEFERRABLE INITIALLY DEFERRED, "producto_id" bigint NOT NULL REFERENCES "punto_venta_producto" ("id") DEFERRABLE INITIALLY DEFERRED, "punto_de_venta_id" bigint NOT NULL REFERENCES "punto_venta_puntodeventa" ("id") DEFERRABLE INITIALLY DEFERRED);
INSERT INTO punto_venta_envio VALUES(1,5,'2025-01-08 06:22:18.598597','2025-01-08 06:22:18.598663','2025-01-08 06:22:18.598682',2,1,2);
CREATE TABLE IF NOT EXISTS "punto_venta_venta" ("id" integer NOT NULL PRIMARY KEY AUTOINCREMENT, "cantidad" integer unsigned NOT NULL CHECK ("cantidad" >= 0), "fecha" datetime NOT NULL, "total" decimal NOT NULL, "create_at" datetime NOT NULL, "update_at" datetime NOT NULL, "producto_id" bigint NOT NULL REFERENCES "punto_venta_producto" ("id") DEFERRABLE INITIALLY DEFERRED, "punto_de_venta_id" bigint NOT NULL REFERENCES "punto_venta_puntodeventa" ("id") DEFERRABLE INITIALLY DEFERRED);
INSERT INTO punto_venta_venta VALUES(1,5,'2025-01-05 17:55:38.661119',12,'2025-01-05 17:55:38.661190','2025-01-05 17:55:38.661206',1,1);
CREATE TABLE IF NOT EXISTS "ventas_fileupdate" ("id" integer NOT NULL PRIMARY KEY AUTOINCREMENT, "fecha" datetime NOT NULL, "create_at" datetime NOT NULL, "update_at" datetime NOT NULL, "archivo" varchar(100) NOT NULL, "actualizar" bool NOT NULL);
INSERT INTO ventas_fileupdate VALUES(56,'2025-01-01 05:00:00','2025-01-12 18:47:11.668549','2025-01-12 18:47:11.668579','ficheros/01-Original_esQdiac.xls',1);
DELETE FROM sqlite_sequence;
INSERT INTO sqlite_sequence VALUES('django_migrations',50);
INSERT INTO sqlite_sequence VALUES('django_admin_log',97);
INSERT INTO sqlite_sequence VALUES('django_content_type',30);
INSERT INTO sqlite_sequence VALUES('auth_permission',124);
INSERT INTO sqlite_sequence VALUES('auth_group',0);
INSERT INTO sqlite_sequence VALUES('auth_user',1);
INSERT INTO sqlite_sequence VALUES('ventas_departamentos',14);
INSERT INTO sqlite_sequence VALUES('ventas_ventas',471);
INSERT INTO sqlite_sequence VALUES('compras_almacen',2);
INSERT INTO sqlite_sequence VALUES('compras_compra',82);
INSERT INTO sqlite_sequence VALUES('compras_precioproducto',2);
INSERT INTO sqlite_sequence VALUES('ventas_productos',198);
INSERT INTO sqlite_sequence VALUES('compras_unidadmedida',10);
INSERT INTO sqlite_sequence VALUES('compras_producto',45);
INSERT INTO sqlite_sequence VALUES('nomina_departamentonom',9);
INSERT INTO sqlite_sequence VALUES('nomina_cargo',17);
INSERT INTO sqlite_sequence VALUES('nomina_trabajador',9);
INSERT INTO sqlite_sequence VALUES('nomina_nomina',14);
INSERT INTO sqlite_sequence VALUES('punto_venta_proveedor',2);
INSERT INTO sqlite_sequence VALUES('punto_venta_categoria',6);
INSERT INTO sqlite_sequence VALUES('punto_venta_producto',1);
INSERT INTO sqlite_sequence VALUES('punto_venta_puntodeventa',2);
INSERT INTO sqlite_sequence VALUES('punto_venta_venta',1);
INSERT INTO sqlite_sequence VALUES('punto_venta_cliente',1);
INSERT INTO sqlite_sequence VALUES('punto_venta_almacen',4);
INSERT INTO sqlite_sequence VALUES('punto_venta_envio',1);
INSERT INTO sqlite_sequence VALUES('ventas_fileupdate',56);
CREATE UNIQUE INDEX "auth_group_permissions_group_id_permission_id_0cd325b0_uniq" ON "auth_group_permissions" ("group_id", "permission_id");
CREATE INDEX "auth_group_permissions_group_id_b120cbf9" ON "auth_group_permissions" ("group_id");
CREATE INDEX "auth_group_permissions_permission_id_84c5c92e" ON "auth_group_permissions" ("permission_id");
CREATE UNIQUE INDEX "auth_user_groups_user_id_group_id_94350c0c_uniq" ON "auth_user_groups" ("user_id", "group_id");
CREATE INDEX "auth_user_groups_user_id_6a12ed8b" ON "auth_user_groups" ("user_id");
CREATE INDEX "auth_user_groups_group_id_97559544" ON "auth_user_groups" ("group_id");
CREATE UNIQUE INDEX "auth_user_user_permissions_user_id_permission_id_14a6b632_uniq" ON "auth_user_user_permissions" ("user_id", "permission_id");
CREATE INDEX "auth_user_user_permissions_user_id_a95ead1b" ON "auth_user_user_permissions" ("user_id");
CREATE INDEX "auth_user_user_permissions_permission_id_1fbb5f2c" ON "auth_user_user_permissions" ("permission_id");
CREATE INDEX "django_admin_log_content_type_id_c4bce8eb" ON "django_admin_log" ("content_type_id");
CREATE INDEX "django_admin_log_user_id_c564eba6" ON "django_admin_log" ("user_id");
CREATE UNIQUE INDEX "django_content_type_app_label_model_76bd3d3b_uniq" ON "django_content_type" ("app_label", "model");
CREATE UNIQUE INDEX "auth_permission_content_type_id_codename_01ab375a_uniq" ON "auth_permission" ("content_type_id", "codename");
CREATE INDEX "auth_permission_content_type_id_2f476e4b" ON "auth_permission" ("content_type_id");
CREATE INDEX "django_session_expire_date_a5c62663" ON "django_session" ("expire_date");
CREATE INDEX "ventas_vent_id_6918a6_idx" ON "ventas_ventas" ("id");
CREATE INDEX "ventas_vent_fecha_ef75da_idx" ON "ventas_ventas" ("fecha");
CREATE INDEX "ventas_vent_id_prod_9ca7d9_idx" ON "ventas_ventas" ("id_producto_id");
CREATE INDEX "ventas_vent_calculo_d50391_idx" ON "ventas_ventas" ("calculo");
CREATE INDEX "ventas_depa_id_46f0dc_idx" ON "ventas_departamentos" ("id");
CREATE INDEX "ventas_depa_departa_cb02f5_idx" ON "ventas_departamentos" ("departamento");
CREATE INDEX "ventas_ventas_id_producto_id_9272565b" ON "ventas_ventas" ("id_producto_id");
CREATE INDEX "compras_alm_id_bbef01_idx" ON "compras_almacen" ("id");
CREATE INDEX "compras_alm_nombre_347c3c_idx" ON "compras_almacen" ("nombre");
CREATE INDEX "compras_compra_producto_id_54e940a2" ON "compras_compra" ("producto_id");
CREATE INDEX "compras_com_id_1b41b4_idx" ON "compras_compra" ("id");
CREATE INDEX "compras_com_product_de9e7b_idx" ON "compras_compra" ("producto_id");
CREATE INDEX "compras_com_cantida_9b9242_idx" ON "compras_compra" ("cantidad");
CREATE INDEX "compras_com_fecha_49ff0e_idx" ON "compras_compra" ("fecha");
CREATE INDEX "compras_precioproducto_producto_id_803f0cbc" ON "compras_precioproducto" ("producto_id");
CREATE INDEX "compras_pre_id_f95bdb_idx" ON "compras_precioproducto" ("id");
CREATE INDEX "compras_pre_product_9e5166_idx" ON "compras_precioproducto" ("producto_id");
CREATE INDEX "compras_pre_precio_3b600c_idx" ON "compras_precioproducto" ("precio");
CREATE INDEX "compras_pre_fecha_a77a1e_idx" ON "compras_precioproducto" ("fecha");
CREATE INDEX "ventas_productos_id_departamento_id_51582dd3" ON "ventas_productos" ("id_departamento_id");
CREATE INDEX "ventas_prod_id_f6485c_idx" ON "ventas_productos" ("id");
CREATE INDEX "ventas_prod_codigo_8f6a90_idx" ON "ventas_productos" ("codigo");
CREATE INDEX "ventas_prod_product_98c071_idx" ON "ventas_productos" ("producto");
CREATE INDEX "compras_uni_id_2b4a58_idx" ON "compras_unidadmedida" ("id");
CREATE INDEX "compras_uni_nombre_c425ec_idx" ON "compras_unidadmedida" ("nombre");
CREATE INDEX "compras_producto_almacen_id_4702da3a" ON "compras_producto" ("almacen_id");
CREATE INDEX "compras_producto_medida_id_ab45c7e2" ON "compras_producto" ("medida_id");
CREATE INDEX "compras_pro_id_ee51d2_idx" ON "compras_producto" ("id");
CREATE INDEX "compras_pro_nombre_ac0b59_idx" ON "compras_producto" ("nombre");
CREATE INDEX "nomina_depa_id_36681f_idx" ON "nomina_departamentonom" ("id");
CREATE INDEX "nomina_depa_departa_d6a3b6_idx" ON "nomina_departamentonom" ("departamento");
CREATE INDEX "nomina_carg_id_649559_idx" ON "nomina_cargo" ("id");
CREATE INDEX "nomina_carg_cargo_46e9da_idx" ON "nomina_cargo" ("cargo");
CREATE INDEX "nomina_trabajador_departamento_id_dab3e449" ON "nomina_trabajador" ("departamento_id");
CREATE INDEX "nomina_trabajador_cargo_id_381de926" ON "nomina_trabajador" ("cargo_id");
CREATE INDEX "nomina_carg_activo_f78264_idx" ON "nomina_cargo" ("activo");
CREATE INDEX "nomina_depa_activo_f894c7_idx" ON "nomina_departamentonom" ("activo");
CREATE INDEX "nomina_trab_id_15f51c_idx" ON "nomina_trabajador" ("id");
CREATE INDEX "nomina_trab_nombre_4c00a3_idx" ON "nomina_trabajador" ("nombre");
CREATE INDEX "nomina_trab_departa_9cbc76_idx" ON "nomina_trabajador" ("departamento_id");
CREATE INDEX "nomina_trab_cargo_i_6d4243_idx" ON "nomina_trabajador" ("cargo_id");
CREATE INDEX "nomina_trab_activo_db84b1_idx" ON "nomina_trabajador" ("activo");
CREATE INDEX "nomina_nomina_trabajador_id_5a465e23" ON "nomina_nomina" ("trabajador_id");
CREATE INDEX "nomina_nomi_id_9b223a_idx" ON "nomina_nomina" ("id");
CREATE INDEX "nomina_nomi_trabaja_b93f61_idx" ON "nomina_nomina" ("trabajador_id");
CREATE INDEX "nomina_nomi_salario_a9b30d_idx" ON "nomina_nomina" ("salario");
CREATE INDEX "nomina_nomi_activo_377e1f_idx" ON "nomina_nomina" ("activo");
CREATE INDEX "punto_venta_id_a2b48e_idx" ON "punto_venta_producto" ("id");
CREATE INDEX "punto_venta_nombre_c36064_idx" ON "punto_venta_producto" ("nombre");
CREATE INDEX "punto_venta_id_28f7a9_idx" ON "punto_venta_envio" ("id");
CREATE INDEX "punto_venta_product_4f593f_idx" ON "punto_venta_envio" ("producto_id");
CREATE INDEX "punto_venta_punto_d_34b4a6_idx" ON "punto_venta_envio" ("punto_de_venta_id");
CREATE INDEX "punto_venta_fecha_659e27_idx" ON "punto_venta_envio" ("fecha");
CREATE INDEX "punto_venta_id_021761_idx" ON "punto_venta_venta" ("id");
CREATE INDEX "punto_venta_product_c8aea4_idx" ON "punto_venta_venta" ("producto_id");
CREATE INDEX "punto_venta_punto_d_5628d9_idx" ON "punto_venta_venta" ("punto_de_venta_id");
CREATE INDEX "punto_venta_fecha_77963e_idx" ON "punto_venta_venta" ("fecha");
CREATE INDEX "punto_venta_id_24076e_idx" ON "punto_venta_almacen" ("id");
CREATE INDEX "punto_venta_nombre_e10164_idx" ON "punto_venta_almacen" ("nombre");
CREATE INDEX "punto_venta_id_6f7632_idx" ON "punto_venta_categoria" ("id");
CREATE INDEX "punto_venta_nombre_208517_idx" ON "punto_venta_categoria" ("nombre");
CREATE INDEX "punto_venta_id_9af91b_idx" ON "punto_venta_cliente" ("id");
CREATE INDEX "punto_venta_nombre_fb5659_idx" ON "punto_venta_cliente" ("nombre");
CREATE INDEX "punto_venta_id_4db25e_idx" ON "punto_venta_proveedor" ("id");
CREATE INDEX "punto_venta_nombre_01937d_idx" ON "punto_venta_proveedor" ("nombre");
CREATE INDEX "punto_venta_producto_categoria_id_c7ad06d4" ON "punto_venta_producto" ("categoria_id");
CREATE INDEX "punto_venta_producto_proveedor_id_64c56173" ON "punto_venta_producto" ("proveedor_id");
CREATE INDEX "punto_venta_id_af424c_idx" ON "punto_venta_puntodeventa" ("id");
CREATE INDEX "punto_venta_nombre_fb774f_idx" ON "punto_venta_puntodeventa" ("nombre");
CREATE INDEX "punto_venta_envio_almacen_id_57f771d5" ON "punto_venta_envio" ("almacen_id");
CREATE INDEX "punto_venta_envio_producto_id_e9e27b6e" ON "punto_venta_envio" ("producto_id");
CREATE INDEX "punto_venta_envio_punto_de_venta_id_addc6316" ON "punto_venta_envio" ("punto_de_venta_id");
CREATE INDEX "punto_venta_venta_producto_id_bfb3ce59" ON "punto_venta_venta" ("producto_id");
CREATE INDEX "punto_venta_venta_punto_de_venta_id_3e0ad0a0" ON "punto_venta_venta" ("punto_de_venta_id");
CREATE INDEX "ventas_file_id_19ee8d_idx" ON "ventas_fileupdate" ("id");
CREATE INDEX "ventas_file_fecha_fda7df_idx" ON "ventas_fileupdate" ("fecha");
COMMIT;
